row,col,lat,lon,p_land,p_water,p_land_vs_water,mass_land_water,logp_land,logp_water,argmax_token,argmax_prob,p_land_lower,p_water_lower,p_land_space,p_water_space,p_land_upper
0,0,85,-175,9.779121e-02,8.987346e-01,0.098132,0.996526,-2.32492,-0.10677,Water,0.898735,4.407959e-04,1.693531e-03,8.016664e-05,6.063785e-05,2.354161e-05
0,1,85,-165,8.797983e-02,9.083847e-01,0.088301,0.996364,-2.43065,-0.09609,Water,0.908385,4.568108e-04,1.975893e-03,7.033188e-05,6.220782e-05,2.175348e-05
0,2,85,-155,9.307247e-02,9.032589e-01,0.093415,0.996331,-2.37438,-0.10175,Water,0.903259,4.579783e-04,1.886724e-03,7.457149e-05,6.098003e-05,1.899154e-05
0,3,85,-145,7.046279e-02,9.262941e-01,0.070692,0.996757,-2.65267,-0.07656,Water,0.926294,3.351759e-04,1.730104e-03,5.477297e-05,6.105055e-05,1.634785e-05
0,4,85,-135,1.004762e-01,8.962369e-01,0.100808,0.996713,-2.29783,-0.10955,Water,0.896237,4.016892e-04,1.192300e-03,9.061469e-05,6.210283e-05,2.432399e-05
0,5,85,-125,8.978332e-02,9.072724e-01,0.090048,0.997056,-2.41036,-0.09731,Water,0.907272,3.453716e-04,1.144909e-03,8.344979e-05,6.397317e-05,2.159305e-05
0,6,85,-115,8.673822e-02,9.102393e-01,0.087001,0.996978,-2.44486,-0.09405,Water,0.910239,3.543184e-04,1.202610e-03,7.817048e-05,6.154630e-05,2.031720e-05
0,7,85,-105,9.051827e-02,9.063113e-01,0.090806,0.996830,-2.40220,-0.09837,Water,0.906311,3.716829e-04,1.070968e-03,8.958395e-05,6.711774e-05,2.199362e-05
0,8,85,-95,5.910940e-02,9.379342e-01,0.059285,0.997044,-2.82837,-0.06408,Water,0.937934,2.475954e-04,1.456266e-03,4.495667e-05,6.362633e-05,1.540392e-05
0,9,85,-85,1.952805e-01,8.015644e-01,0.195899,0.996845,-1.63332,-0.22119,Water,0.801564,6.021160e-04,7.437664e-04,2.165663e-04,6.638512e-05,4.220315e-05
0,10,85,-75,1.192002e-01,8.777399e-01,0.119566,0.996940,-2.12695,-0.13040,Water,0.877740,4.119578e-04,9.299031e-04,1.116885e-04,6.483352e-05,2.364347e-05
0,11,85,-65,1.236008e-01,8.736227e-01,0.123945,0.997224,-2.09070,-0.13511,Water,0.873623,3.987801e-04,9.629890e-04,1.121178e-04,6.662931e-05,2.390698e-05
0,12,85,-55,1.205458e-01,8.766041e-01,0.120890,0.997150,-2.11573,-0.13170,Water,0.876604,4.225090e-04,1.021496e-03,1.021709e-04,6.261593e-05,2.467379e-05
0,13,85,-45,1.862594e-01,8.105986e-01,0.186846,0.996858,-1.68061,-0.20998,Water,0.810599,5.087966e-04,7.217913e-04,1.667780e-04,6.027339e-05,3.179524e-05
0,14,85,-35,1.159884e-01,8.812131e-01,0.116314,0.997202,-2.15426,-0.12646,Water,0.881213,3.740235e-04,8.390510e-04,1.051345e-04,6.483557e-05,2.252069e-05
0,15,85,-25,1.056591e-01,8.914308e-01,0.105967,0.997090,-2.24754,-0.11493,Water,0.891431,3.823671e-04,1.095037e-03,9.232939e-05,6.775221e-05,1.945064e-05
0,16,85,-15,1.065974e-01,8.905668e-01,0.106901,0.997164,-2.23870,-0.11590,Water,0.890567,3.749991e-04,1.017964e-03,8.831417e-05,6.526838e-05,1.851888e-05
0,17,85,-5,8.260142e-02,9.144491e-01,0.082846,0.997050,-2.49373,-0.08943,Water,0.914449,3.035003e-04,1.086644e-03,7.221955e-05,6.735513e-05,1.588129e-05
0,18,85,5,7.067926e-02,9.262238e-01,0.070899,0.996903,-2.64960,-0.07664,Water,0.926224,2.685485e-04,1.546056e-03,4.757091e-05,6.660011e-05,1.160318e-05
0,19,85,15,9.750515e-02,8.994532e-01,0.097803,0.996958,-2.32785,-0.10597,Water,0.899453,3.737079e-04,1.323722e-03,6.470479e-05,6.131550e-05,1.637938e-05
0,20,85,25,9.083710e-02,9.061911e-01,0.091108,0.997028,-2.39869,-0.09851,Water,0.906191,3.553160e-04,1.334239e-03,6.443001e-05,6.447316e-05,1.634044e-05
0,21,85,35,9.639703e-02,9.008087e-01,0.096667,0.997206,-2.33928,-0.10446,Water,0.900809,3.440700e-04,1.112694e-03,7.288169e-05,6.347816e-05,1.942755e-05
0,22,85,45,1.487977e-01,8.482447e-01,0.149239,0.997042,-1.90517,-0.16459,Water,0.848245,4.187256e-04,9.146698e-04,1.126558e-04,6.125650e-05,2.513828e-05
0,23,85,55,1.060920e-01,8.909646e-01,0.106405,0.997057,-2.24345,-0.11545,Water,0.890965,4.104139e-04,1.293755e-03,8.057565e-05,6.269065e-05,2.078836e-05
0,24,85,65,1.276270e-01,8.694184e-01,0.128005,0.997045,-2.05864,-0.13993,Water,0.869418,4.338883e-04,1.192312e-03,1.040571e-04,6.582590e-05,2.409062e-05
0,25,85,75,1.144814e-01,8.821618e-01,0.114867,0.996643,-2.16734,-0.12538,Water,0.882162,4.780396e-04,1.357268e-03,8.976497e-05,6.133781e-05,2.204843e-05
0,26,85,85,1.033542e-01,8.936498e-01,0.103665,0.997004,-2.26959,-0.11244,Water,0.893650,3.257982e-04,7.875567e-04,8.386020e-05,7.425026e-05,2.169557e-05
0,27,85,95,3.451768e-02,9.620738e-01,0.034636,0.996591,-3.36628,-0.03866,Water,0.962074,1.837510e-04,2.091211e-03,2.317463e-05,6.315140e-05,9.927187e-06
0,28,85,105,4.881859e-02,9.477889e-01,0.048985,0.996608,-3.01964,-0.05362,Water,0.947789,2.544380e-04,1.799611e-03,3.896568e-05,6.628481e-05,1.334578e-05
0,29,85,115,5.095004e-02,9.459000e-01,0.051111,0.996850,-2.97691,-0.05562,Water,0.945900,2.466093e-04,1.722594e-03,3.955602e-05,6.156485e-05,1.274017e-05
0,30,85,125,7.741446e-02,9.191096e-01,0.077684,0.996524,-2.55858,-0.08435,Water,0.919110,3.791379e-04,1.796755e-03,6.155891e-05,6.190590e-05,1.778035e-05
0,31,85,135,5.733165e-02,9.394484e-01,0.057517,0.996780,-2.85890,-0.06246,Water,0.939448,2.560089e-04,1.589566e-03,4.678106e-05,6.392060e-05,1.479108e-05
0,32,85,145,4.015744e-02,9.562519e-01,0.040302,0.996409,-3.21495,-0.04473,Water,0.956252,2.223433e-04,2.370384e-03,2.885132e-05,6.017532e-05,1.033658e-05
0,33,85,155,3.754917e-02,9.586218e-01,0.037694,0.996171,-3.28210,-0.04226,Water,0.958622,2.125558e-04,2.524034e-03,2.712636e-05,6.309523e-05,9.924138e-06
0,34,85,165,4.675103e-02,9.491429e-01,0.046944,0.995894,-3.06292,-0.05220,Water,0.949143,2.820594e-04,2.703022e-03,3.447166e-05,6.323612e-05,1.259726e-05
0,35,85,175,4.493899e-02,9.512645e-01,0.045110,0.996204,-3.10245,-0.04996,Water,0.951265,2.398628e-04,2.419061e-03,3.092683e-05,6.309566e-05,1.236614e-05
1,0,75,-175,9.549170e-01,4.148298e-02,0.958367,0.996400,-0.04613,-3.18247,Land,0.954917,2.242525e-03,7.426963e-05,4.531752e-04,1.736471e-06,1.607696e-04
1,1,75,-165,9.487858e-01,4.652994e-02,0.953251,0.995316,-0.05257,-3.06766,Land,0.948786,3.222117e-03,1.196867e-04,4.633841e-04,2.047824e-06,1.558090e-04
1,2,75,-155,9.524260e-01,4.297022e-02,0.956831,0.995396,-0.04874,-3.14725,Land,0.952426,3.136532e-03,9.916440e-05,4.677920e-04,1.782426e-06,1.593858e-04
1,3,75,-145,9.551911e-01,4.073339e-02,0.959100,0.995924,-0.04584,-3.20071,Land,0.955191,2.671976e-03,7.997651e-05,4.606475e-04,1.700071e-06,1.581885e-04
1,4,75,-135,9.728553e-01,2.331456e-02,0.976596,0.996170,-0.02752,-3.75868,Land,0.972855,2.483360e-03,4.239467e-05,4.516586e-04,9.127274e-07,1.721817e-04
1,5,75,-125,9.603349e-01,3.579880e-02,0.964062,0.996134,-0.04047,-3.32984,Land,0.960335,2.491352e-03,6.083686e-05,4.990323e-04,1.453698e-06,1.548468e-04
1,6,75,-115,9.694808e-01,2.683015e-02,0.973071,0.996311,-0.03099,-3.61823,Land,0.969481,2.481074e-03,5.200254e-05,4.311222e-04,1.035265e-06,1.400701e-04
1,7,75,-105,9.760491e-01,2.016970e-02,0.979754,0.996219,-0.02424,-3.90357,Land,0.976049,2.559667e-03,3.898602e-05,4.401230e-04,7.774375e-07,1.411310e-04
1,8,75,-95,9.494391e-01,4.620598e-02,0.953592,0.995645,-0.05188,-3.07465,Land,0.949439,2.971310e-03,8.909378e-05,4.700739e-04,1.833164e-06,1.534434e-04
1,9,75,-85,9.672634e-01,2.839149e-02,0.971485,0.995655,-0.03328,-3.56167,Land,0.967263,3.066421e-03,6.356597e-05,4.418981e-04,1.190484e-06,1.542728e-04
1,10,75,-75,9.729423e-01,2.336718e-02,0.976546,0.996309,-0.02743,-3.75642,Land,0.972942,2.339771e-03,3.936331e-05,4.870830e-04,9.960148e-07,1.394042e-04
1,11,75,-65,9.812489e-01,1.535263e-02,0.984595,0.996602,-0.01893,-4.17647,Land,0.981249,2.194151e-03,2.595816e-05,4.429633e-04,6.273497e-07,1.617587e-04
1,12,75,-55,9.797220e-01,1.668725e-02,0.983253,0.996409,-0.02049,-4.09311,Land,0.979722,2.361785e-03,2.917266e-05,4.456672e-04,6.691523e-07,1.474211e-04
1,13,75,-45,9.838687e-01,1.290928e-02,0.987049,0.996778,-0.01626,-4.34981,Land,0.983869,2.016929e-03,2.057468e-05,3.926069e-04,5.063705e-07,1.399154e-04
1,14,75,-35,9.788136e-01,1.793297e-02,0.982009,0.996747,-0.02141,-4.02111,Land,0.978814,2.100890e-03,2.748224e-05,4.200474e-04,6.904035e-07,1.446731e-04
1,15,75,-25,9.809934e-01,1.531652e-02,0.984627,0.996310,-0.01919,-4.17882,Land,0.980993,2.552783e-03,2.779865e-05,4.086654e-04,6.069392e-07,1.381068e-04
1,16,75,-15,9.836778e-01,1.312602e-02,0.986832,0.996804,-0.01646,-4.33316,Land,0.983678,2.121272e-03,2.133036e-05,4.116135e-04,5.078230e-07,1.299562e-04
1,17,75,-5,9.780209e-01,1.824768e-02,0.981684,0.996269,-0.02222,-4.00372,Land,0.978021,2.478285e-03,3.401920e-05,4.033561e-04,7.184434e-07,1.254202e-04
1,18,75,5,9.786959e-01,1.694281e-02,0.982983,0.995639,-0.02153,-4.07791,Land,0.978696,2.859230e-03,4.001469e-05,3.849172e-04,6.340497e-07,1.150529e-04
1,19,75,15,9.813651e-01,1.444925e-02,0.985490,0.995814,-0.01881,-4.23711,Land,0.981365,2.780150e-03,3.146332e-05,3.951696e-04,5.287442e-07,1.318394e-04
1,20,75,25,9.791346e-01,1.639368e-02,0.983533,0.995528,-0.02109,-4.11086,Land,0.979135,2.964980e-03,3.627683e-05,3.956395e-04,6.157181e-07,1.454971e-04
1,21,75,35,9.741332e-01,2.187809e-02,0.978034,0.996011,-0.02621,-3.82227,Land,0.974133,2.627969e-03,4.251522e-05,4.173760e-04,8.078303e-07,1.365049e-04
1,22,75,45,9.807450e-01,1.551831e-02,0.984423,0.996263,-0.01944,-4.16573,Land,0.980745,2.217745e-03,2.941514e-05,4.124399e-04,6.008240e-07,1.512727e-04
1,23,75,55,9.758758e-01,1.966214e-02,0.980250,0.995538,-0.02442,-3.92906,Land,0.975876,2.930577e-03,4.477025e-05,4.463432e-04,7.733333e-07,1.549861e-04
1,24,75,65,9.777815e-01,1.829001e-02,0.981638,0.996072,-0.02247,-4.00140,Land,0.977782,2.508286e-03,3.661167e-05,4.485886e-04,7.178347e-07,1.628080e-04
1,25,75,75,9.446367e-01,5.043328e-02,0.949317,0.995070,-0.05695,-2.98710,Land,0.944637,2.821709e-03,9.182384e-05,5.040726e-04,2.159504e-06,1.253079e-04
1,26,75,85,9.499191e-01,4.513733e-02,0.954638,0.995056,-0.05138,-3.09805,Land,0.949919,3.377934e-03,1.174154e-04,4.547222e-04,1.830269e-06,1.440810e-04
1,27,75,95,9.021495e-01,9.192863e-02,0.907524,0.994078,-0.10298,-2.38674,Land,0.902149,4.017066e-03,2.616607e-04,5.044980e-04,3.795066e-06,1.367015e-04
1,28,75,105,9.587621e-01,3.621862e-02,0.963599,0.994981,-0.04211,-3.31818,Land,0.958762,3.317121e-03,8.537528e-05,4.617880e-04,1.444251e-06,1.570861e-04
1,29,75,115,9.428921e-01,5.197418e-02,0.947758,0.994866,-0.05880,-2.95701,Land,0.942892,3.513140e-03,1.306048e-04,4.644389e-04,2.014127e-06,1.386271e-04
1,30,75,125,9.391206e-01,5.625698e-02,0.943482,0.995378,-0.06281,-2.87783,Land,0.939121,2.976158e-03,1.213509e-04,4.724224e-04,2.170186e-06,1.472557e-04
1,31,75,135,9.487075e-01,4.583519e-02,0.953913,0.994543,-0.05265,-3.08270,Land,0.948707,3.631570e-03,1.100551e-04,4.946045e-04,1.793811e-06,1.717689e-04
1,32,75,145,9.026264e-01,9.252498e-02,0.907024,0.995151,-0.10245,-2.38028,Land,0.902626,3.130166e-03,2.159646e-04,4.931151e-04,3.706263e-06,1.395455e-04
1,33,75,155,9.076437e-01,8.694093e-02,0.912586,0.994585,-0.09690,-2.44253,Land,0.907644,3.584698e-03,2.479336e-04,5.083785e-04,3.698035e-06,1.434325e-04
1,34,75,165,9.070861e-01,8.702285e-02,0.912461,0.994109,-0.09752,-2.44158,Land,0.907086,3.995244e-03,2.821328e-04,4.836309e-04,3.776145e-06,1.530390e-04
1,35,75,175,9.078800e-01,8.753352e-02,0.912063,0.995413,-0.09664,-2.43573,Land,0.907880,2.778228e-03,2.033189e-04,4.770962e-04,3.686225e-06,1.443116e-04
2,0,65,-175,9.526100e-01,4.239873e-02,0.957389,0.995009,-0.04855,-3.16064,Land,0.952610,3.125217e-03,7.827949e-05,3.906211e-04,1.746874e-06,3.900381e-04
2,1,65,-165,9.757268e-01,1.698773e-02,0.982888,0.992715,-0.02457,-4.07526,Land,0.975727,5.197988e-03,5.769572e-05,3.449645e-04,7.068447e-07,5.096553e-04
2,2,65,-155,9.864676e-01,7.171573e-03,0.992783,0.993639,-0.01362,-4.93763,Land,0.986468,4.341747e-03,2.166471e-05,4.114894e-04,2.899473e-07,5.997078e-04
2,3,65,-145,9.779619e-01,1.611183e-02,0.983792,0.994074,-0.02228,-4.12820,Land,0.977962,3.732659e-03,3.748147e-05,4.433570e-04,6.888719e-07,5.868890e-04
2,4,65,-135,9.899265e-01,2.110445e-03,0.997873,0.992037,-0.01012,-6.16086,Land,0.989926,5.155579e-03,6.346519e-06,4.697135e-04,9.296876e-08,1.166944e-03
2,5,65,-125,9.876416e-01,6.540768e-03,0.993421,0.994182,-0.01244,-5.02970,Land,0.987642,3.809888e-03,1.541658e-05,3.815376e-04,2.582741e-07,6.909333e-04
2,6,65,-115,9.906780e-01,3.314917e-03,0.996665,0.993993,-0.00937,-5.70932,Land,0.990678,3.950869e-03,8.526469e-06,3.913950e-04,1.221025e-07,7.361353e-04
2,7,65,-105,9.917891e-01,1.637616e-03,0.998352,0.993427,-0.00824,-6.41451,Land,0.991789,4.336580e-03,3.749989e-06,4.386047e-04,6.314076e-08,9.113922e-04
2,8,65,-95,9.073169e-01,8.619810e-02,0.913239,0.993515,-0.09726,-2.45111,Land,0.907317,4.343778e-03,1.725250e-04,4.009605e-04,3.356226e-06,3.647807e-04
2,9,65,-85,9.692054e-01,2.440124e-02,0.975442,0.993607,-0.03128,-3.71312,Land,0.969205,4.625286e-03,5.818069e-05,3.704016e-04,9.723743e-07,4.276473e-04
2,10,65,-75,9.907752e-01,2.806952e-03,0.997175,0.993582,-0.00927,-5.87566,Land,0.990775,4.352230e-03,6.818091e-06,4.064468e-04,1.080001e-07,7.938300e-04
2,11,65,-65,9.913082e-01,3.149213e-03,0.996833,0.994457,-0.00873,-5.76060,Land,0.991308,2.865286e-03,5.549982e-06,4.481886e-04,1.382507e-07,8.272683e-04
2,12,65,-55,9.937570e-01,4.957349e-04,0.999501,0.994253,-0.00626,-7.60947,Land,0.993757,3.119111e-03,1.072677e-06,4.555015e-04,1.933345e-08,1.213749e-03
2,13,65,-45,9.944633e-01,3.064746e-04,0.999692,0.994770,-0.00555,-8.09038,Land,0.994463,2.785475e-03,5.889679e-07,4.381797e-04,1.148493e-08,1.152439e-03
2,14,65,-35,9.947770e-01,4.363818e-04,0.999562,0.995213,-0.00524,-7.73699,Land,0.994777,2.791088e-03,8.308216e-07,3.695417e-04,1.452889e-08,9.054787e-04
2,15,65,-25,9.943980e-01,3.366643e-04,0.999662,0.994735,-0.00562,-7.99642,Land,0.994398,3.094514e-03,7.109061e-07,3.901882e-04,1.196196e-08,1.073904e-03
2,16,65,-15,9.945863e-01,3.557194e-04,0.999642,0.994942,-0.00543,-7.94137,Land,0.994586,3.072168e-03,7.424601e-07,3.756408e-04,1.241029e-08,9.352352e-04
2,17,65,-5,9.942471e-01,3.939921e-04,0.999604,0.994641,-0.00577,-7.83918,Land,0.994247,3.445571e-03,9.009296e-07,3.838367e-04,1.327871e-08,7.255904e-04
2,18,65,5,9.944175e-01,2.048043e-04,0.999794,0.994622,-0.00560,-8.49346,Land,0.994418,3.092627e-03,4.494839e-07,3.793981e-04,6.773115e-09,8.956289e-04
2,19,65,15,9.939985e-01,1.912284e-04,0.999808,0.994190,-0.00602,-8.56204,Land,0.993998,3.172259e-03,4.367334e-07,3.881531e-04,6.418827e-09,1.226531e-03
2,20,65,25,9.938293e-01,1.902449e-04,0.999809,0.994020,-0.00619,-8.56720,Land,0.993829,3.259481e-03,4.187804e-07,4.094601e-04,6.446222e-09,1.360499e-03
2,21,65,35,9.938609e-01,3.015605e-04,0.999697,0.994162,-0.00616,-8.10654,Land,0.993861,3.041073e-03,6.683910e-07,3.902342e-04,1.035673e-08,1.327549e-03
2,22,65,45,9.944290e-01,1.921706e-04,0.999807,0.994621,-0.00559,-8.55713,Land,0.994429,2.155287e-03,3.466794e-07,4.944775e-04,7.284602e-09,1.441254e-03
2,23,65,55,9.932456e-01,3.752869e-04,0.999622,0.993621,-0.00678,-7.88782,Land,0.993246,2.909079e-03,7.817403e-07,4.867785e-04,1.471717e-08,1.563490e-03
2,24,65,65,9.895885e-01,3.196571e-03,0.996780,0.992785,-0.01047,-5.74568,Land,0.989589,3.211176e-03,5.972172e-06,5.395233e-04,1.487789e-07,7.996803e-04
2,25,65,75,9.908092e-01,1.331224e-03,0.998658,0.992140,-0.00923,-6.62166,Land,0.990809,5.002283e-03,3.823847e-06,4.510047e-04,5.252442e-08,1.145269e-03
2,26,65,85,9.785042e-01,1.364784e-02,0.986244,0.992152,-0.02173,-4.29417,Land,0.978504,5.439640e-03,5.061629e-05,4.162179e-04,5.676876e-07,4.429586e-04
2,27,65,95,9.060837e-01,8.643697e-02,0.912912,0.992521,-0.09862,-2.44834,Land,0.906084,4.870900e-03,2.681415e-04,4.026671e-04,3.146985e-06,2.309246e-04
2,28,65,105,9.889760e-01,2.092940e-03,0.997888,0.991069,-0.01109,-6.16919,Land,0.988976,6.035551e-03,6.979758e-06,4.843386e-04,8.298403e-08,9.766698e-04
2,29,65,115,9.829883e-01,7.480056e-03,0.992448,0.990468,-0.01716,-4.89552,Land,0.982988,6.615924e-03,2.989419e-05,4.793894e-04,3.119709e-07,7.554812e-04
2,30,65,125,9.834934e-01,8.196755e-03,0.991735,0.991690,-0.01664,-4.80402,Land,0.983493,5.582424e-03,2.809518e-05,4.461225e-04,3.405789e-07,7.161548e-04
2,31,65,135,9.855740e-01,4.317146e-03,0.995639,0.989891,-0.01453,-5.44516,Land,0.985574,6.403394e-03,1.578805e-05,5.434622e-04,1.982843e-07,1.172244e-03
2,32,65,145,9.120437e-01,7.970626e-02,0.919631,0.991750,-0.09207,-2.52941,Land,0.912044,5.336677e-03,2.488529e-04,4.717411e-04,3.301501e-06,3.581002e-04
2,33,65,155,9.699248e-01,2.192488e-02,0.977895,0.991850,-0.03054,-3.82013,Land,0.969925,5.418845e-03,7.756875e-05,4.865170e-04,9.460794e-07,5.136184e-04
2,34,65,165,9.404788e-01,4.996720e-02,0.949551,0.990446,-0.06137,-2.99639,Land,0.940479,6.794323e-03,2.256930e-04,4.042714e-04,2.137913e-06,3.818828e-04
2,35,65,175,9.136720e-01,8.002634e-02,0.919466,0.993698,-0.09028,-2.52540,Land,0.913672,3.699015e-03,2.167469e-04,4.386256e-04,3.392706e-06,2.926897e-04
3,0,55,-175,9.683869e-01,2.694143e-02,0.972932,0.995328,-0.03212,-3.61409,Land,0.968387,2.873434e-03,4.901044e-05,3.522552e-04,1.078572e-06,3.689737e-04
3,1,55,-165,9.880562e-01,5.864896e-03,0.994099,0.993921,-0.01202,-5.13877,Land,0.988056,3.995974e-03,1.671057e-05,3.493815e-04,2.231952e-07,5.818853e-04
3,2,55,-155,9.707926e-01,2.210800e-02,0.977734,0.992901,-0.02964,-3.81182,Land,0.970793,5.071914e-03,7.492365e-05,3.769082e-04,9.231503e-07,3.962520e-04
3,3,55,-145,9.892972e-01,5.212369e-03,0.994759,0.994510,-0.01076,-5.25672,Land,0.989297,3.256037e-03,1.066121e-05,4.137770e-04,1.967721e-07,6.774326e-04
3,4,55,-135,9.930135e-01,2.467181e-04,0.999752,0.993260,-0.00701,-8.30726,Land,0.993013,3.665617e-03,6.382903e-07,4.599448e-04,9.191415e-09,1.560294e-03
3,5,55,-125,9.938724e-01,8.105227e-04,0.999185,0.994683,-0.00615,-7.11783,Land,0.993872,3.078841e-03,1.770446e-06,3.833856e-04,2.816891e-08,1.005138e-03
3,6,55,-115,9.940871e-01,4.382890e-04,0.999559,0.994525,-0.00593,-7.73263,Land,0.994087,3.203462e-03,9.629960e-07,4.091166e-04,1.422372e-08,9.789781e-04
3,7,55,-105,9.945502e-01,1.628254e-04,0.999836,0.994713,-0.00546,-8.72283,Land,0.994550,2.923381e-03,3.160994e-07,4.340472e-04,5.259022e-09,1.165454e-03
3,8,55,-95,9.539021e-01,4.017729e-02,0.959583,0.994079,-0.04719,-3.21445,Land,0.953902,3.966619e-03,8.139882e-05,3.884187e-04,1.515483e-06,3.640681e-04
3,9,55,-85,9.925055e-01,2.476724e-03,0.997511,0.994982,-0.00752,-6.00082,Land,0.992505,3.368657e-03,5.241378e-06,3.406680e-04,8.706092e-08,5.445459e-04
3,10,55,-75,9.945098e-01,2.075169e-04,0.999791,0.994717,-0.00551,-8.48030,Land,0.994510,2.969965e-03,3.842357e-07,4.317021e-04,6.829948e-09,1.160865e-03
3,11,55,-65,9.947709e-01,2.065111e-04,0.999792,0.994977,-0.00524,-8.48516,Land,0.994771,2.407968e-03,3.563830e-07,4.614061e-04,7.244962e-09,1.311504e-03
3,12,55,-55,9.933258e-01,7.390550e-04,0.999257,0.994065,-0.00670,-7.21014,Land,0.993326,2.780103e-03,1.336020e-06,5.139438e-04,3.098730e-08,8.797311e-04
3,13,55,-45,9.951974e-01,1.069064e-04,0.999893,0.995304,-0.00481,-9.14356,Land,0.995197,1.796836e-03,1.507410e-07,5.180527e-04,3.530395e-09,1.248789e-03
3,14,55,-35,9.954438e-01,1.061218e-04,0.999893,0.995550,-0.00457,-9.15092,Land,0.995444,2.057840e-03,1.581200e-07,4.245313e-04,3.139565e-09,1.186748e-03
3,15,55,-25,9.950801e-01,6.703326e-05,0.999933,0.995147,-0.00493,-9.61032,Land,0.995080,2.170150e-03,1.045659e-07,4.220192e-04,2.003360e-09,1.476815e-03
3,16,55,-15,9.955323e-01,5.839258e-05,0.999941,0.995591,-0.00448,-9.74832,Land,0.995532,1.876043e-03,8.541903e-08,4.205481e-04,1.717161e-09,1.357101e-03
3,17,55,-5,9.953823e-01,4.228010e-05,0.999958,0.995425,-0.00463,-10.07119,Land,0.995382,2.329449e-03,7.418503e-08,3.910478e-04,1.245204e-09,1.087310e-03
3,18,55,5,9.953732e-01,2.171982e-05,0.999978,0.995395,-0.00464,-10.73729,Land,0.995373,2.053973e-03,4.215444e-08,3.793609e-04,6.231746e-10,1.319642e-03
3,19,55,15,9.947120e-01,3.491281e-05,0.999965,0.994747,-0.00530,-10.26266,Land,0.994712,2.034072e-03,5.774505e-08,4.224251e-04,9.963509e-10,1.750903e-03
3,20,55,25,9.946284e-01,3.511643e-05,0.999965,0.994664,-0.00539,-10.25684,Land,0.994628,2.180635e-03,6.201174e-08,4.228273e-04,1.006784e-09,1.823425e-03
3,21,55,35,9.941371e-01,5.721717e-05,0.999942,0.994194,-0.00588,-9.76866,Land,0.994137,2.284052e-03,1.052583e-07,4.638298e-04,1.801107e-09,1.957899e-03
3,22,55,45,9.945621e-01,4.765771e-05,0.999952,0.994610,-0.00545,-9.95147,Land,0.994562,1.652157e-03,7.456035e-08,5.624806e-04,1.598144e-09,1.763623e-03
3,23,55,55,9.928807e-01,3.589214e-04,0.999639,0.993240,-0.00714,-7.93241,Land,0.992881,2.572358e-03,6.445620e-07,5.301277e-04,1.535251e-08,1.165726e-03
3,24,55,65,9.943200e-01,1.054161e-04,0.999894,0.994425,-0.00570,-9.15760,Land,0.994320,2.121992e-03,1.962299e-07,5.177135e-04,3.818534e-09,1.779322e-03
3,25,55,75,9.935711e-01,1.265280e-04,0.999873,0.993698,-0.00645,-8.97505,Land,0.993571,3.195357e-03,2.792682e-07,4.704296e-04,4.418549e-09,1.602787e-03
3,26,55,85,9.911298e-01,2.204041e-03,0.997781,0.993334,-0.00891,-6.11746,Land,0.991130,4.151974e-03,6.225374e-06,4.272582e-04,8.941246e-08,7.395410e-04
3,27,55,95,9.541033e-01,3.832680e-02,0.961381,0.992430,-0.04698,-3.26161,Land,0.954103,4.724753e-03,1.057047e-04,4.131515e-04,1.425722e-06,3.261137e-04
3,28,55,105,9.932500e-01,2.094720e-04,0.999789,0.993459,-0.00677,-8.47092,Land,0.993250,3.409549e-03,5.189114e-07,4.696949e-04,7.270902e-09,1.470751e-03
3,29,55,115,9.903118e-01,1.077852e-03,0.998913,0.991390,-0.00974,-6.83278,Land,0.990312,5.622563e-03,3.758210e-06,4.640154e-04,3.964387e-08,1.013217e-03
3,30,55,125,9.910534e-01,1.311982e-03,0.998678,0.992365,-0.00899,-6.63622,Land,0.991053,4.628052e-03,4.010632e-06,4.350927e-04,5.270956e-08,1.151110e-03
3,31,55,135,9.910944e-01,4.723100e-04,0.999524,0.991567,-0.00895,-7.65788,Land,0.991094,4.347542e-03,1.433769e-06,5.248857e-04,1.928638e-08,1.780033e-03
3,32,55,145,9.625336e-01,2.832150e-02,0.971417,0.990855,-0.03819,-3.56413,Land,0.962534,5.898834e-03,8.828779e-05,4.739464e-04,1.180555e-06,4.869416e-04
3,33,55,155,9.539614e-01,3.712374e-02,0.962542,0.991085,-0.04713,-3.29350,Land,0.953961,5.987441e-03,1.607016e-04,4.086927e-04,1.516915e-06,3.495854e-04
3,34,55,165,9.705866e-01,2.034389e-02,0.979470,0.990930,-0.02985,-3.89497,Land,0.970587,6.254070e-03,8.556333e-05,3.996774e-04,8.350596e-07,4.638736e-04
3,35,55,175,9.445913e-01,4.826458e-02,0.951388,0.992856,-0.05700,-3.03106,Land,0.944591,4.441356e-03,1.541712e-04,3.864504e-04,1.993163e-06,2.842862e-04
4,0,45,-175,8.151905e-01,1.790114e-01,0.819945,0.994202,-0.20433,-1.72031,Land,0.815190,3.246580e-03,3.668282e-04,3.619320e-04,8.522911e-06,3.063573e-04
4,1,45,-165,9.652234e-01,2.880402e-02,0.971023,0.994027,-0.03540,-3.54724,Land,0.965223,3.650841e-03,7.196268e-05,3.548815e-04,1.283932e-06,5.160591e-04
4,2,45,-155,9.795739e-01,1.428694e-02,0.985625,0.993861,-0.02064,-4.24841,Land,0.979574,3.774674e-03,3.552857e-05,4.424012e-04,6.584385e-07,5.804206e-04
4,3,45,-145,9.804161e-01,1.248355e-02,0.987427,0.992900,-0.01978,-4.38334,Land,0.980416,3.896305e-03,2.631883e-05,5.335925e-04,6.808126e-07,8.771399e-04
4,4,45,-135,9.910837e-01,1.742601e-03,0.998245,0.992826,-0.00896,-6.35238,Land,0.991084,3.904129e-03,3.824914e-06,4.861416e-04,8.027190e-08,1.278289e-03
4,5,45,-125,9.895775e-01,4.588601e-03,0.995384,0.994166,-0.01048,-5.38418,Land,0.989577,3.210455e-03,8.239336e-06,4.292416e-04,2.075682e-07,8.891659e-04
4,6,45,-115,9.931630e-01,1.707364e-03,0.998284,0.994870,-0.00686,-6.37280,Land,0.993163,2.770322e-03,3.140870e-06,4.386765e-04,6.907157e-08,7.633913e-04
4,7,45,-105,9.942143e-01,6.573702e-04,0.999339,0.994872,-0.00580,-7.32726,Land,0.994214,2.635368e-03,1.011182e-06,4.500713e-04,2.540050e-08,9.704468e-04
4,8,45,-95,7.696479e-01,2.219247e-01,0.776189,0.991573,-0.26182,-1.50542,Land,0.769648,5.024646e-03,5.297504e-04,3.944083e-04,1.019837e-05,3.085245e-04
4,9,45,-85,9.860064e-01,8.789055e-03,0.991165,0.994795,-0.01409,-4.73425,Land,0.986006,3.517951e-03,1.834330e-05,3.243799e-04,3.760772e-07,4.796165e-04
4,10,45,-75,9.940589e-01,6.652054e-04,0.999331,0.994724,-0.00596,-7.31541,Land,0.994059,2.918200e-03,8.977781e-07,4.591539e-04,2.646891e-08,8.942683e-04
4,11,45,-65,9.938905e-01,8.785489e-04,0.999117,0.994769,-0.00613,-7.03724,Land,0.993890,2.333828e-03,1.054850e-06,5.309058e-04,3.852388e-08,1.024092e-03
4,12,45,-55,9.928376e-01,1.114841e-03,0.998878,0.993952,-0.00719,-6.79904,Land,0.992838,2.768981e-03,1.447133e-06,5.808053e-04,5.039722e-08,1.003528e-03
4,13,45,-45,9.909378e-01,3.001987e-03,0.996980,0.993940,-0.00910,-5.80848,Land,0.990938,2.097332e-03,3.054012e-06,5.371436e-04,1.679654e-07,4.214898e-04
4,14,45,-35,9.950311e-01,4.546940e-04,0.999543,0.995486,-0.00498,-7.69589,Land,0.995031,2.003531e-03,4.742215e-07,4.739509e-04,1.757169e-08,8.539232e-04
4,15,45,-25,9.948947e-01,2.790538e-04,0.999720,0.995174,-0.00512,-8.18411,Land,0.994895,2.039761e-03,2.979331e-07,5.090555e-04,1.082128e-08,1.075350e-03
4,16,45,-15,9.950295e-01,2.334898e-04,0.999765,0.995263,-0.00498,-8.36237,Land,0.995030,1.846507e-03,2.320478e-07,5.465370e-04,9.185151e-09,1.077521e-03
4,17,45,-5,9.954156e-01,1.674946e-04,0.999832,0.995583,-0.00459,-8.69456,Land,0.995416,2.011137e-03,1.759892e-07,5.021704e-04,6.079287e-09,7.657856e-04
4,18,45,5,9.949768e-01,3.877354e-05,0.999961,0.995016,-0.00504,-10.15777,Land,0.994977,1.864074e-03,5.179689e-08,5.265942e-04,1.347574e-09,1.274388e-03
4,19,45,15,9.945067e-01,6.038560e-05,0.999939,0.994567,-0.00551,-9.71476,Land,0.994507,1.636144e-03,6.729812e-08,6.245489e-04,2.266972e-09,1.514067e-03
4,20,45,25,9.943722e-01,6.467813e-05,0.999935,0.994437,-0.00564,-9.64609,Land,0.994372,1.885890e-03,7.908497e-08,5.973360e-04,2.369710e-09,1.610910e-03
4,21,45,35,9.944212e-01,7.887928e-05,0.999921,0.994500,-0.00559,-9.44759,Land,0.994421,1.925570e-03,1.035227e-07,5.640800e-04,2.860296e-09,1.554208e-03
4,22,45,45,9.945521e-01,1.723352e-04,0.999827,0.994724,-0.00546,-8.66607,Land,0.994552,1.374386e-03,1.753710e-07,6.329977e-04,7.422909e-09,7.729821e-04
4,23,45,55,9.932335e-01,1.890862e-04,0.999810,0.993423,-0.00679,-8.57331,Land,0.993233,2.275691e-03,2.567271e-07,6.981625e-04,8.307643e-09,1.572955e-03
4,24,45,65,9.941122e-01,1.989947e-04,0.999800,0.994311,-0.00591,-8.52223,Land,0.994112,1.792827e-03,2.488975e-07,6.897492e-04,8.473502e-09,1.555350e-03
4,25,45,75,9.937851e-01,1.253946e-04,0.999874,0.993910,-0.00623,-8.98405,Land,0.993785,2.734280e-03,2.224899e-07,5.329862e-04,4.808199e-09,1.593858e-03
4,26,45,85,9.890064e-01,4.673201e-03,0.995297,0.993680,-0.01105,-5.36591,Land,0.989006,3.973719e-03,1.354481e-05,4.091857e-04,2.142236e-07,6.002189e-04
4,27,45,95,8.836937e-01,1.080803e-01,0.891023,0.991774,-0.12364,-2.22488,Land,0.883694,4.903962e-03,3.094747e-04,4.355279e-04,4.551032e-06,2.326141e-04
4,28,45,105,9.930210e-01,2.838339e-04,0.999714,0.993305,-0.00700,-8.16712,Land,0.993021,3.480593e-03,7.185133e-07,4.788155e-04,1.098381e-08,1.342308e-03
4,29,45,115,9.897968e-01,2.122168e-03,0.997861,0.991919,-0.01026,-6.15532,Land,0.989797,4.925904e-03,6.541217e-06,4.998361e-04,8.572092e-08,9.946667e-04
4,30,45,125,9.897483e-01,2.238569e-03,0.997743,0.991987,-0.01030,-6.10192,Land,0.989748,4.339319e-03,6.142612e-06,5.127966e-04,1.015170e-07,1.329814e-03
4,31,45,135,9.899551e-01,1.337977e-03,0.998650,0.991293,-0.01010,-6.61660,Land,0.989955,4.560836e-03,4.147114e-06,5.586537e-04,6.329777e-08,1.561169e-03
4,32,45,145,9.645087e-01,2.608720e-02,0.973665,0.990596,-0.03614,-3.64631,Land,0.964509,5.731919e-03,7.739984e-05,5.572140e-04,1.360908e-06,6.188041e-04
4,33,45,155,9.680976e-01,2.399057e-02,0.975818,0.992088,-0.03242,-3.73009,Land,0.968098,4.875924e-03,8.318505e-05,4.489854e-04,1.041645e-06,4.592945e-04
4,34,45,165,9.225016e-01,6.793358e-02,0.931410,0.990435,-0.08067,-2.68922,Land,0.922502,6.576914e-03,3.100799e-04,3.897226e-04,2.948850e-06,3.847049e-04
4,35,45,175,7.860906e-01,2.066226e-01,0.791861,0.992713,-0.24068,-1.57686,Land,0.786091,4.296061e-03,7.436301e-04,3.542608e-04,9.533286e-06,1.816748e-04
5,0,35,-175,9.597111e-01,3.576361e-02,0.964074,0.995475,-0.04112,-3.33082,Land,0.959711,2.647398e-03,5.813158e-05,3.066890e-04,1.417643e-06,3.039461e-04
5,1,35,-165,9.899251e-01,5.272722e-03,0.994702,0.995198,-0.01013,-5.24521,Land,0.989925,3.012787e-03,1.149614e-05,2.835140e-04,1.818015e-07,5.125958e-04
5,2,35,-155,9.900935e-01,5.170395e-03,0.994805,0.995264,-0.00996,-5.26481,Land,0.990094,3.162311e-03,1.136627e-05,3.029654e-04,1.756576e-07,4.005945e-04
5,3,35,-145,9.870548e-01,8.151481e-03,0.991809,0.995206,-0.01303,-4.80956,Land,0.987055,2.919657e-03,1.388034e-05,3.476249e-04,2.908743e-07,4.911824e-04
5,4,35,-135,9.928192e-01,1.972278e-03,0.998017,0.994791,-0.00721,-6.22857,Land,0.992819,3.127994e-03,3.513045e-06,3.612404e-04,6.897085e-08,6.862974e-04
5,5,35,-125,9.940698e-01,1.864614e-03,0.998128,0.995934,-0.00595,-6.28470,Land,0.994070,2.477488e-03,3.074825e-06,2.924532e-04,5.835583e-08,5.895740e-04
5,6,35,-115,9.953238e-01,9.226408e-04,0.999074,0.996246,-0.00469,-6.98827,Land,0.995324,2.107455e-03,1.467596e-06,3.156575e-04,2.638806e-08,6.011003e-04
5,7,35,-105,9.957896e-01,5.546213e-04,0.999443,0.996344,-0.00422,-7.49723,Land,0.995790,2.034828e-03,7.355800e-07,3.158046e-04,1.547236e-08,6.331377e-04
5,8,35,-95,9.763900e-01,1.876007e-02,0.981148,0.995150,-0.02389,-3.97602,Land,0.976390,3.121262e-03,3.128453e-05,2.995705e-04,6.298434e-07,3.405174e-04
5,9,35,-85,9.909057e-01,5.595916e-03,0.994384,0.996502,-0.00914,-5.18572,Land,0.990906,2.319309e-03,9.081720e-06,2.347717e-04,1.869453e-07,2.641427e-04
5,10,35,-75,9.956766e-01,6.549005e-04,0.999343,0.996332,-0.00433,-7.33103,Land,0.995677,2.224663e-03,8.296204e-07,3.051495e-04,1.909653e-08,5.513248e-04
5,11,35,-65,9.950805e-01,1.154030e-03,0.998842,0.996235,-0.00493,-6.76450,Land,0.995081,2.053756e-03,1.599093e-06,3.438619e-04,3.706640e-08,6.493531e-04
5,12,35,-55,9.948822e-01,5.475495e-04,0.999450,0.995430,-0.00513,-7.51006,Land,0.994882,2.580229e-03,8.663235e-07,4.054331e-04,1.704054e-08,7.789480e-04
5,13,35,-45,9.952796e-01,7.604356e-04,0.999237,0.996040,-0.00473,-7.18162,Land,0.995280,1.839753e-03,9.023375e-07,4.249132e-04,2.480937e-08,6.995527e-04
5,14,35,-35,9.920118e-01,3.591359e-03,0.996393,0.995603,-0.00802,-5.62922,Land,0.992012,2.068079e-03,4.627142e-06,3.450508e-04,1.384208e-07,3.228120e-04
5,15,35,-25,9.960733e-01,4.507494e-04,0.999548,0.996524,-0.00393,-7.70460,Land,0.996073,1.743731e-03,4.910745e-07,3.442844e-04,1.243182e-08,7.091149e-04
5,16,35,-15,9.963892e-01,3.375212e-04,0.999661,0.996727,-0.00362,-7.99388,Land,0.996389,1.576488e-03,3.499439e-07,3.467017e-04,9.621605e-09,6.985610e-04
5,17,35,-5,9.962570e-01,1.892363e-04,0.999810,0.996446,-0.00375,-8.57251,Land,0.996257,1.924652e-03,2.136992e-07,3.393172e-04,5.155033e-09,5.483386e-04
5,18,35,5,9.957903e-01,7.019280e-05,0.999930,0.995860,-0.00422,-9.56426,Land,0.995790,2.200389e-03,1.000956e-07,3.508800e-04,1.782850e-09,7.992144e-04
5,19,35,15,9.954455e-01,1.225447e-04,0.999877,0.995568,-0.00456,-9.00703,Land,0.995446,2.070114e-03,1.649180e-07,3.960101e-04,3.227312e-09,1.047405e-03
5,20,35,25,9.952237e-01,1.065467e-04,0.999893,0.995330,-0.00479,-9.14693,Land,0.995224,2.257093e-03,1.557424e-07,4.007142e-04,2.887073e-09,1.216259e-03
5,21,35,35,9.947622e-01,7.585559e-04,0.999238,0.995521,-0.00525,-7.18409,Land,0.994762,1.712372e-03,8.490834e-07,3.517783e-04,2.344402e-08,4.173241e-04
5,22,35,45,9.953414e-01,1.850884e-04,0.999814,0.995527,-0.00467,-8.59468,Land,0.995341,1.676050e-03,2.332523e-07,4.593773e-04,5.436996e-09,1.162415e-03
5,23,35,55,9.945336e-01,2.506727e-04,0.999748,0.994784,-0.00548,-8.29136,Land,0.994534,2.480233e-03,4.092912e-07,4.067671e-04,7.269441e-09,1.274007e-03
5,24,35,65,9.950433e-01,4.825650e-04,0.999515,0.995526,-0.00497,-7.63639,Land,0.995043,2.234855e-03,7.927767e-07,3.768384e-04,1.444380e-08,9.373887e-04
5,25,35,75,9.948981e-01,2.794836e-04,0.999719,0.995178,-0.00511,-8.18257,Land,0.994898,2.815114e-03,4.677785e-07,3.441472e-04,7.624365e-09,8.428726e-04
5,26,35,85,9.880423e-01,7.176242e-03,0.992789,0.995218,-0.01203,-4.93698,Land,0.988042,3.106852e-03,1.557712e-05,2.750864e-04,2.305716e-07,2.531533e-04
5,27,35,95,9.787934e-01,1.482312e-02,0.985082,0.993616,-0.02143,-4.21157,Land,0.978793,4.115903e-03,3.195332e-05,3.322545e-04,4.550322e-07,3.162616e-04
5,28,35,105,9.942149e-01,5.060715e-04,0.999491,0.994721,-0.00580,-7.58883,Land,0.994215,3.117693e-03,9.932509e-07,3.360468e-04,1.393042e-08,7.529320e-04
5,29,35,115,9.920241e-01,1.493965e-03,0.998496,0.993518,-0.00801,-6.50632,Land,0.992024,4.284367e-03,3.928207e-06,3.377847e-04,4.466486e-08,6.353923e-04
5,30,35,125,9.922363e-01,1.859670e-03,0.998129,0.994096,-0.00779,-6.28736,Land,0.992236,3.716931e-03,4.238047e-06,3.484175e-04,5.989956e-08,7.463314e-04
5,31,35,135,9.907885e-01,2.013337e-03,0.997972,0.992802,-0.00925,-6.20796,Land,0.990788,4.281733e-03,4.574997e-06,3.970898e-04,6.801440e-08,7.386704e-04
5,32,35,145,9.438643e-01,4.792748e-02,0.951676,0.991792,-0.05777,-3.03807,Land,0.943864,5.527360e-03,1.402790e-04,3.724464e-04,1.799088e-06,3.078509e-04
5,33,35,155,9.792562e-01,1.325981e-02,0.986640,0.992516,-0.02096,-4.32302,Land,0.979256,5.076851e-03,4.251275e-05,3.450784e-04,4.615622e-07,3.464792e-04
5,34,35,165,9.776534e-01,1.496568e-02,0.984923,0.992619,-0.02260,-4.20200,Land,0.977653,5.026432e-03,4.643651e-05,3.451621e-04,5.338437e-07,4.235488e-04
5,35,35,175,9.492848e-01,4.413605e-02,0.955572,0.993421,-0.05205,-3.12048,Land,0.949285,3.975398e-03,1.195264e-04,3.352744e-04,1.708313e-06,2.453350e-04
6,0,25,-175,9.556603e-01,3.855592e-02,0.961220,0.994216,-0.04535,-3.25565,Land,0.955660,3.706230e-03,8.579311e-05,3.249184e-04,1.634709e-06,3.522170e-04
6,1,25,-165,9.829949e-01,1.101489e-02,0.988919,0.994010,-0.01715,-4.50851,Land,0.982995,4.033729e-03,2.897124e-05,3.102024e-04,4.484775e-07,5.280737e-04
6,2,25,-155,9.830570e-01,1.074886e-02,0.989184,0.993806,-0.01709,-4.53296,Land,0.983057,4.260209e-03,2.848825e-05,3.472009e-04,4.302779e-07,4.653636e-04
6,3,25,-145,9.663763e-01,2.713779e-02,0.972685,0.993514,-0.03420,-3.60683,Land,0.966376,4.251121e-03,6.476277e-05,3.896978e-04,1.193230e-06,4.733049e-04
6,4,25,-135,9.898363e-01,2.163722e-03,0.997819,0.992000,-0.01022,-6.13593,Land,0.989836,5.339873e-03,5.882024e-06,4.124546e-04,9.327154e-08,1.041229e-03
6,5,25,-125,9.762547e-01,1.771264e-02,0.982180,0.993967,-0.02403,-4.03348,Land,0.976255,3.962693e-03,3.712862e-05,3.467003e-04,6.977156e-07,4.399756e-04
6,6,25,-115,9.911808e-01,2.302412e-03,0.997682,0.993483,-0.00886,-6.07380,Land,0.991181,4.512903e-03,6.209412e-06,3.562203e-04,7.946269e-08,6.859912e-04
6,7,25,-105,9.930098e-01,1.051698e-03,0.998942,0.994061,-0.00701,-6.85735,Land,0.993010,3.781306e-03,2.194692e-06,3.892349e-04,3.704240e-08,9.257938e-04
6,8,25,-95,8.777317e-01,1.140958e-01,0.884964,0.991828,-0.13041,-2.17072,Land,0.877732,5.649508e-03,3.373879e-04,3.477009e-04,4.848161e-06,2.806315e-04
6,9,25,-85,9.785387e-01,1.628740e-02,0.983628,0.994826,-0.02169,-4.11736,Land,0.978539,3.870662e-03,4.038590e-05,2.821656e-04,6.566572e-07,2.439170e-04
6,10,25,-75,9.879862e-01,5.859852e-03,0.994104,0.993846,-0.01209,-5.13963,Land,0.987986,4.306279e-03,1.153777e-05,3.334711e-04,2.084307e-07,4.058689e-04
6,11,25,-65,9.932228e-01,1.599529e-03,0.998392,0.994822,-0.00680,-6.43805,Land,0.993223,3.111411e-03,2.871596e-06,3.780420e-04,5.906287e-08,8.063535e-04
6,12,25,-55,9.931811e-01,7.493024e-04,0.999246,0.993930,-0.00684,-7.19637,Land,0.993181,3.556299e-03,1.500979e-06,4.533295e-04,2.748696e-08,1.032869e-03
6,13,25,-45,9.942067e-01,6.700800e-04,0.999326,0.994877,-0.00581,-7.30811,Land,0.994207,2.455398e-03,8.832306e-07,5.102126e-04,2.535416e-08,9.796655e-04
6,14,25,-35,9.940194e-01,8.899414e-04,0.999106,0.994909,-0.00600,-7.02435,Land,0.994019,3.000349e-03,1.477398e-06,4.082562e-04,3.077477e-08,8.466263e-04
6,15,25,-25,9.829519e-01,1.145387e-02,0.988482,0.994406,-0.01720,-4.46943,Land,0.982952,2.890683e-03,1.644877e-05,3.790775e-04,5.109451e-07,3.630682e-04
6,16,25,-15,9.942805e-01,7.390277e-04,0.999257,0.995020,-0.00574,-7.21018,Land,0.994280,2.859360e-03,1.127059e-06,4.193261e-04,2.692402e-08,8.242485e-04
6,17,25,-5,9.947608e-01,4.660556e-04,0.999532,0.995227,-0.00525,-7.67121,Land,0.994761,2.858282e-03,7.120205e-07,3.892978e-04,1.568479e-08,6.239071e-04
6,18,25,5,9.943302e-01,1.211519e-04,0.999878,0.994451,-0.00569,-9.01847,Land,0.994330,2.862931e-03,2.146482e-07,4.369903e-04,4.005881e-09,1.124740e-03
6,19,25,15,9.932034e-01,1.572622e-04,0.999842,0.993361,-0.00682,-8.75760,Land,0.993203,3.386014e-03,3.190879e-07,4.637700e-04,5.457551e-09,1.542526e-03
6,20,25,25,9.932870e-01,6.589466e-04,0.999337,0.993946,-0.00674,-7.32487,Land,0.993287,2.951201e-03,1.188286e-06,4.174833e-04,2.439711e-08,6.538723e-04
6,21,25,35,9.933076e-01,2.038022e-04,0.999795,0.993511,-0.00671,-8.49836,Land,0.993308,3.400473e-03,3.993357e-07,4.372625e-04,6.639135e-09,1.605933e-03
6,22,25,45,9.935125e-01,2.189617e-04,0.999780,0.993731,-0.00651,-8.42661,Land,0.993513,2.612744e-03,3.466034e-07,5.325057e-04,7.612632e-09,1.620815e-03
6,23,25,55,9.918414e-01,3.127709e-04,0.999685,0.992154,-0.00819,-8.07004,Land,0.991841,4.234666e-03,7.591740e-07,5.064644e-04,1.168657e-08,1.717316e-03
6,24,25,65,9.928321e-01,5.908876e-04,0.999405,0.993423,-0.00719,-7.43388,Land,0.992832,3.601802e-03,1.378793e-06,4.421477e-04,2.255076e-08,1.318721e-03
6,25,25,75,9.908952e-01,1.566803e-03,0.998421,0.992462,-0.00915,-6.45872,Land,0.990895,5.179746e-03,3.907038e-06,3.658591e-04,5.241674e-08,6.752799e-04
6,26,25,85,9.664875e-01,2.656585e-02,0.973248,0.993053,-0.03409,-3.62813,Land,0.966487,5.204871e-03,9.910189e-05,3.190867e-04,1.074737e-06,2.010916e-04
6,27,25,95,8.555847e-01,1.341292e-01,0.864477,0.989714,-0.15597,-2.00895,Land,0.855585,7.012623e-03,6.001541e-04,3.429438e-04,5.698789e-06,1.819569e-04
6,28,25,105,9.912733e-01,7.642034e-04,0.999230,0.992038,-0.00876,-7.17668,Land,0.991273,5.134107e-03,2.291963e-06,3.906521e-04,2.771029e-08,1.130780e-03
6,29,25,115,9.875402e-01,3.038574e-03,0.996933,0.990579,-0.01254,-5.79637,Land,0.987540,6.708996e-03,1.214338e-05,3.919341e-04,1.210649e-07,7.731111e-04
6,30,25,125,9.783557e-01,1.252901e-02,0.987356,0.990885,-0.02188,-4.37971,Land,0.978356,6.521488e-03,4.315483e-05,3.786987e-04,5.082093e-07,4.696989e-04
6,31,25,135,9.873362e-01,2.805352e-03,0.997167,0.990142,-0.01274,-5.87623,Land,0.987336,6.310502e-03,9.806242e-06,4.451726e-04,1.233425e-07,1.137871e-03
6,32,25,145,8.890373e-01,1.007101e-01,0.898247,0.989747,-0.11762,-2.29551,Land,0.889037,7.048045e-03,4.185347e-04,3.787996e-04,4.505466e-06,2.817094e-04
6,33,25,155,9.656536e-01,2.537473e-02,0.974396,0.991028,-0.03495,-3.67400,Land,0.965654,6.401483e-03,1.025869e-04,3.473931e-04,1.050539e-06,3.344794e-04
6,34,25,165,9.601192e-01,3.096528e-02,0.968756,0.991084,-0.04070,-3.47489,Land,0.960119,6.334989e-03,1.193512e-04,3.425600e-04,1.308372e-06,4.212306e-04
6,35,25,175,9.467435e-01,4.610116e-02,0.953567,0.992845,-0.05473,-3.07692,Land,0.946744,4.512280e-03,1.520013e-04,3.280257e-04,1.953513e-06,2.728110e-04
7,0,15,-175,9.398104e-01,5.408932e-02,0.945579,0.993900,-0.06208,-2.91712,Land,0.939810,3.845540e-03,1.414991e-04,3.487526e-04,2.474656e-06,3.503327e-04
7,1,15,-165,9.757614e-01,1.604843e-02,0.983819,0.991810,-0.02454,-4.13214,Land,0.975761,5.698327e-03,5.794011e-05,3.617953e-04,7.568418e-07,6.068728e-04
7,2,15,-155,9.740831e-01,1.787103e-02,0.981984,0.991954,-0.02626,-4.02457,Land,0.974083,5.790928e-03,7.116363e-05,3.670952e-04,8.181242e-07,5.051792e-04
7,3,15,-145,9.747677e-01,1.753765e-02,0.982326,0.992305,-0.02556,-4.04341,Land,0.974768,5.153902e-03,5.052833e-05,4.488217e-04,8.213322e-07,6.710820e-04
7,4,15,-135,9.859646e-01,5.491483e-03,0.994461,0.991456,-0.01413,-5.20456,Land,0.985965,5.574005e-03,1.687251e-05,4.593996e-04,2.663756e-07,9.621226e-04
7,5,15,-125,9.872710e-01,6.336413e-03,0.993623,0.993607,-0.01281,-5.06144,Land,0.987271,4.217629e-03,1.485623e-05,3.987765e-04,2.689959e-07,6.936432e-04
7,6,15,-115,9.890136e-01,3.670388e-03,0.996303,0.992684,-0.01105,-5.60746,Land,0.989014,5.030019e-03,1.153828e-05,4.085383e-04,1.452746e-07,6.765400e-04
7,7,15,-105,9.918777e-01,1.698222e-03,0.998291,0.993576,-0.00816,-6.37817,Land,0.991878,4.065184e-03,3.826135e-06,4.313388e-04,6.462083e-08,9.547918e-04
7,8,15,-95,8.784173e-01,1.133616e-01,0.885699,0.991779,-0.12963,-2.17717,Land,0.878417,5.532753e-03,3.704890e-04,3.788562e-04,5.097241e-06,3.272261e-04
7,9,15,-85,9.736366e-01,2.010335e-02,0.979770,0.993740,-0.02672,-3.90687,Land,0.973637,4.586715e-03,5.839359e-05,3.166029e-04,8.566072e-07,3.320262e-04
7,10,15,-75,9.920999e-01,2.258069e-03,0.997729,0.994358,-0.00793,-6.09325,Land,0.992100,4.117180e-03,5.896015e-06,3.231283e-04,8.573695e-08,4.370075e-04
7,11,15,-65,9.890274e-01,4.389699e-03,0.995581,0.993417,-0.01103,-5.42849,Land,0.989027,4.109639e-03,1.029283e-05,4.443763e-04,1.902320e-07,8.698458e-04
7,12,15,-55,9.913202e-01,1.649110e-03,0.998339,0.992969,-0.00872,-6.40752,Land,0.991320,4.453574e-03,4.014234e-06,4.475627e-04,6.732360e-08,9.530074e-04
7,13,15,-45,9.935638e-01,1.009097e-03,0.998985,0.994573,-0.00646,-6.89870,Land,0.993564,2.722255e-03,1.518049e-06,5.195961e-04,4.289766e-08,8.835341e-04
7,14,15,-35,9.932040e-01,1.546307e-03,0.998446,0.994750,-0.00682,-6.47189,Land,0.993204,3.166238e-03,2.839184e-06,4.144740e-04,5.588730e-08,7.112789e-04
7,15,15,-25,9.922237e-01,2.357234e-03,0.997630,0.994581,-0.00781,-6.05027,Land,0.992224,3.168795e-03,4.168085e-06,4.377044e-04,9.309018e-08,7.583322e-04
7,16,15,-15,9.841650e-01,9.860335e-03,0.990080,0.994025,-0.01596,-4.61924,Land,0.984165,3.171675e-03,1.541316e-05,4.538519e-04,4.582819e-07,3.941584e-04
7,17,15,-5,9.938115e-01,7.720102e-04,0.999224,0.994583,-0.00621,-7.16651,Land,0.993811,3.162867e-03,1.320150e-06,4.467984e-04,2.877362e-08,6.815540e-04
7,18,15,5,9.942264e-01,9.402101e-05,0.999905,0.994320,-0.00579,-9.27199,Land,0.994226,2.732381e-03,1.994275e-07,4.755671e-04,3.471612e-09,1.218584e-03
7,19,15,15,9.930455e-01,7.280038e-04,0.999267,0.993773,-0.00698,-7.22520,Land,0.993045,2.850905e-03,1.311964e-06,4.635672e-04,2.860323e-08,6.519675e-04
7,20,15,25,9.923993e-01,1.961189e-04,0.999802,0.992595,-0.00763,-8.53679,Land,0.992399,3.989398e-03,4.589965e-07,5.269057e-04,7.295647e-09,1.589378e-03
7,21,15,35,9.931125e-01,1.947849e-04,0.999804,0.993307,-0.00691,-8.54361,Land,0.993112,3.623867e-03,4.893244e-07,4.398212e-04,6.779455e-09,1.461270e-03
7,22,15,45,9.938209e-01,1.952573e-04,0.999804,0.994016,-0.00620,-8.54119,Land,0.993821,2.396157e-03,3.226707e-07,5.892578e-04,7.636685e-09,1.347793e-03
7,23,15,55,9.908141e-01,5.572965e-04,0.999438,0.991371,-0.00923,-7.49241,Land,0.990814,4.875481e-03,1.551620e-06,5.201713e-04,2.169653e-08,1.533928e-03
7,24,15,65,9.916190e-01,9.973725e-04,0.998995,0.992616,-0.00842,-6.91039,Land,0.991619,4.379530e-03,3.057301e-06,4.586713e-04,4.009948e-08,1.184909e-03
7,25,15,75,9.917776e-01,7.267928e-04,0.999268,0.992504,-0.00826,-7.22687,Land,0.991778,5.409492e-03,2.397813e-06,3.545275e-04,2.595297e-08,6.537559e-04
7,26,15,85,9.651602e-01,2.616029e-02,0.973611,0.991320,-0.03546,-3.64351,Land,0.965160,6.342624e-03,1.252287e-04,3.524374e-04,1.186833e-06,2.280860e-04
7,27,15,95,8.978792e-01,9.151705e-02,0.907502,0.989396,-0.10772,-2.39123,Land,0.897879,7.265750e-03,4.566334e-04,3.727630e-04,3.988855e-06,2.220738e-04
7,28,15,105,9.900492e-01,8.942391e-04,0.999098,0.990943,-0.01000,-7.01954,Land,0.990049,5.934839e-03,3.284273e-06,4.707413e-04,3.800519e-08,1.132021e-03
7,29,15,115,9.866406e-01,3.073314e-03,0.996895,0.989714,-0.01345,-5.78500,Land,0.986641,7.200396e-03,1.389394e-05,4.563284e-04,1.315316e-07,7.570872e-04
7,30,15,125,9.873967e-01,3.517640e-03,0.996450,0.990914,-0.01268,-5.64996,Land,0.987397,6.363346e-03,1.362717e-05,4.244701e-04,1.537024e-07,7.957585e-04
7,31,15,135,9.840906e-01,4.036462e-03,0.995915,0.988127,-0.01604,-5.51239,Land,0.984091,7.827073e-03,1.816041e-05,4.996852e-04,1.957515e-07,1.101081e-03
7,32,15,145,9.415188e-01,4.780246e-02,0.951682,0.989321,-0.06026,-3.04068,Land,0.941519,7.454386e-03,2.125135e-04,4.247484e-04,2.174052e-06,4.143010e-04
7,33,15,155,9.613306e-01,2.907988e-02,0.970639,0.990410,-0.03944,-3.53771,Land,0.961331,6.723013e-03,1.447740e-04,3.834106e-04,1.346446e-06,3.624572e-04
7,34,15,165,9.623834e-01,2.735649e-02,0.972360,0.989740,-0.03834,-3.59880,Land,0.962383,7.228094e-03,1.311571e-04,3.726185e-04,1.267805e-06,4.485849e-04
7,35,15,175,9.511981e-01,4.172662e-02,0.957976,0.992925,-0.05003,-3.17662,Land,0.951198,4.557231e-03,1.538555e-04,3.512296e-04,1.880174e-06,2.846944e-04
8,0,5,-175,9.622301e-01,3.219827e-02,0.967621,0.994428,-0.03850,-3.43584,Land,0.962230,3.346269e-03,6.934669e-05,4.113915e-04,1.480381e-06,4.090731e-04
8,1,5,-165,9.842308e-01,9.613696e-03,0.990327,0.993844,-0.01589,-4.64457,Land,0.984231,3.885752e-03,2.683075e-05,3.941885e-04,4.399137e-07,6.010405e-04
8,2,5,-155,9.801094e-01,1.322061e-02,0.986691,0.993330,-0.02009,-4.32598,Land,0.980109,4.149051e-03,3.949703e-05,4.591676e-04,5.944181e-07,5.582474e-04
8,3,5,-145,9.454838e-01,4.797695e-02,0.951707,0.993461,-0.05606,-3.03703,Land,0.945484,3.724010e-03,1.105781e-04,5.394939e-04,2.495666e-06,5.152592e-04
8,4,5,-135,9.874048e-01,4.719658e-03,0.995243,0.992124,-0.01268,-5.35602,Land,0.987405,4.798309e-03,1.209617e-05,5.140894e-04,2.241314e-07,1.040879e-03
8,5,5,-125,9.840425e-01,9.312933e-03,0.990625,0.993355,-0.01609,-4.67635,Land,0.984042,4.413650e-03,2.064664e-05,4.322430e-04,4.020705e-07,6.275367e-04
8,6,5,-115,9.899081e-01,3.904038e-03,0.996072,0.993812,-0.01014,-5.54574,Land,0.989908,3.888759e-03,9.649487e-06,4.850143e-04,1.603137e-07,7.143234e-04
8,7,5,-105,9.922816e-01,1.935349e-03,0.998053,0.994217,-0.00775,-6.24747,Land,0.992282,3.496325e-03,3.644696e-06,4.459218e-04,7.087340e-08,7.559733e-04
8,8,5,-95,9.221264e-01,6.982445e-02,0.929609,0.991951,-0.08107,-2.66177,Land,0.922126,5.419800e-03,1.915284e-04,4.125296e-04,2.919673e-06,3.911723e-04
8,9,5,-85,9.066582e-01,8.589746e-02,0.913458,0.992556,-0.09799,-2.45460,Land,0.906658,5.359874e-03,2.831941e-04,3.895958e-04,4.065297e-06,2.337770e-04
8,10,5,-75,9.898810e-01,4.082578e-03,0.995893,0.993964,-0.01017,-5.50103,Land,0.989881,4.148633e-03,8.128553e-06,4.259807e-04,1.635669e-07,4.897082e-04
8,11,5,-65,9.891591e-01,4.618430e-03,0.995353,0.993777,-0.01090,-5.37770,Land,0.989159,3.593312e-03,9.202717e-06,5.378931e-04,2.084795e-07,9.016248e-04
8,12,5,-55,9.897878e-01,2.498328e-03,0.997482,0.992286,-0.01026,-5.99213,Land,0.989788,5.010277e-03,6.475645e-06,5.402828e-04,1.080367e-07,8.675144e-04
8,13,5,-45,9.923774e-01,1.716972e-03,0.998273,0.994094,-0.00765,-6.36719,Land,0.992377,3.183323e-03,2.795382e-06,5.636266e-04,7.004618e-08,8.229455e-04
8,14,5,-35,9.937993e-01,1.612515e-03,0.998380,0.995412,-0.00622,-6.42996,Land,0.993799,2.561620e-03,2.455198e-06,4.348020e-04,5.425977e-08,6.156664e-04
8,15,5,-25,9.927188e-01,1.993628e-03,0.997996,0.994712,-0.00731,-6.21780,Land,0.992719,3.037335e-03,3.277927e-06,4.648719e-04,7.469620e-08,7.113994e-04
8,16,5,-15,9.920141e-01,3.106019e-03,0.996879,0.995120,-0.00802,-5.77441,Land,0.992014,2.533145e-03,4.297227e-06,5.133445e-04,1.248223e-07,6.350043e-04
8,17,5,-5,9.894452e-01,5.886083e-03,0.994086,0.995331,-0.01061,-5.13516,Land,0.989445,2.360856e-03,7.872029e-06,3.971910e-04,2.420423e-07,3.133625e-04
8,18,5,5,9.929152e-01,1.305310e-03,0.998687,0.994220,-0.00711,-6.64131,Land,0.992915,2.217825e-03,1.930739e-06,5.023844e-04,5.374896e-08,3.596308e-04
8,19,5,15,9.921628e-01,8.254035e-04,0.999169,0.992988,-0.00787,-7.09964,Land,0.992163,3.340128e-03,1.537974e-06,5.901177e-04,3.300946e-08,9.661713e-04
8,20,5,25,9.923357e-01,5.620795e-04,0.999434,0.992898,-0.00769,-7.48387,Land,0.992336,3.882171e-03,1.195031e-06,5.046537e-04,1.928169e-08,1.006904e-03
8,21,5,35,9.930343e-01,6.874760e-04,0.999308,0.993722,-0.00699,-7.28248,Land,0.993034,3.187806e-03,1.320830e-06,4.937491e-04,2.314193e-08,9.683286e-04
8,22,5,45,9.925665e-01,7.014511e-04,0.999294,0.993268,-0.00746,-7.26236,Land,0.992566,2.751050e-03,1.137068e-06,6.713392e-04,2.823851e-08,1.228460e-03
8,23,5,55,9.895739e-01,1.536930e-03,0.998449,0.991111,-0.01048,-6.47797,Land,0.989574,5.171724e-03,4.194847e-06,5.690771e-04,6.474504e-08,1.093486e-03
8,24,5,65,9.893834e-01,2.474213e-03,0.997505,0.991858,-0.01067,-6.00183,Land,0.989383,4.414684e-03,6.573623e-06,6.180999e-04,1.132452e-07,1.196782e-03
8,25,5,75,9.897763e-01,1.774522e-03,0.998210,0.991551,-0.01028,-6.33422,Land,0.989776,5.714870e-03,5.046571e-06,4.799860e-04,6.795749e-08,6.463761e-04
8,26,5,85,8.490621e-01,1.412259e-01,0.857389,0.990288,-0.16362,-1.95739,Land,0.849062,6.815220e-03,7.889716e-04,3.909158e-04,6.853266e-06,1.534989e-04
8,27,5,95,9.062480e-01,8.336126e-02,0.915763,0.989609,-0.09844,-2.48457,Land,0.906248,6.620111e-03,3.012119e-04,4.330176e-04,3.460878e-06,2.683386e-04
8,28,5,105,9.891015e-01,2.340013e-03,0.997640,0.991441,-0.01096,-6.05760,Land,0.989101,5.506496e-03,7.190175e-06,4.821114e-04,9.545868e-08,7.376926e-04
8,29,5,115,9.812968e-01,8.545753e-03,0.991367,0.989843,-0.01888,-4.76232,Land,0.981297,6.891674e-03,3.329676e-05,5.387577e-04,3.829712e-07,6.818777e-04
8,30,5,125,9.829038e-01,7.410345e-03,0.992517,0.990314,-0.01724,-4.90488,Land,0.982904,6.735752e-03,2.693976e-05,4.737573e-04,3.257535e-07,6.192824e-04
8,31,5,135,9.774599e-01,1.072988e-02,0.989142,0.988190,-0.02280,-4.53472,Land,0.977460,7.561851e-03,4.271884e-05,5.792310e-04,5.348462e-07,8.816447e-04
8,32,5,145,8.426052e-01,1.473797e-01,0.851129,0.989985,-0.17126,-1.91474,Land,0.842605,6.019651e-03,5.697310e-04,5.069400e-04,7.669750e-06,3.213076e-04
8,33,5,155,9.541683e-01,3.567260e-02,0.963961,0.989841,-0.04692,-3.33337,Land,0.954168,6.594843e-03,1.631080e-04,4.927084e-04,1.787000e-06,4.024146e-04
8,34,5,165,9.628444e-01,2.735936e-02,0.972370,0.990204,-0.03786,-3.59870,Land,0.962844,6.692333e-03,1.187509e-04,4.304474e-04,1.333484e-06,4.494320e-04
8,35,5,175,9.142673e-01,7.779272e-02,0.921585,0.992060,-0.08963,-2.55371,Land,0.914267,4.707227e-03,2.609696e-04,4.282382e-04,3.626741e-06,2.625969e-04
9,0,-5,-175,2.132600e-01,7.763010e-01,0.215510,0.989561,-1.54524,-0.25321,Water,0.776301,2.661238e-03,5.304864e-03,1.443009e-04,3.940740e-05,6.788571e-05
9,1,-5,-165,3.700839e-01,6.185552e-01,0.374337,0.988639,-0.99403,-0.48037,Water,0.618555,3.911502e-03,3.932447e-03,2.546577e-04,3.345930e-05,1.141925e-04
9,2,-5,-155,3.688901e-01,6.200957e-01,0.372998,0.988986,-0.99726,-0.47788,Water,0.620096,4.062140e-03,3.963230e-03,2.624374e-04,3.165393e-05,1.281110e-04
9,3,-5,-145,2.537905e-01,7.355109e-01,0.256535,0.989301,-1.37125,-0.30719,Water,0.735511,2.877279e-03,4.370656e-03,2.030137e-04,3.901793e-05,9.513561e-05
9,4,-5,-135,3.710373e-01,6.173046e-01,0.375414,0.988342,-0.99145,-0.48239,Water,0.617305,4.302643e-03,3.588690e-03,2.853592e-04,3.144316e-05,1.282890e-04
9,5,-5,-125,2.713675e-01,7.187127e-01,0.274086,0.990080,-1.30428,-0.33029,Water,0.718713,2.980671e-03,3.480499e-03,2.103821e-04,3.638658e-05,9.259387e-05
9,6,-5,-115,3.341166e-01,6.558814e-01,0.337492,0.989998,-1.09627,-0.42178,Water,0.655881,3.409265e-03,3.141672e-03,2.711528e-04,3.105020e-05,1.066356e-04
9,7,-5,-105,4.779086e-01,5.122451e-01,0.482661,0.990154,-0.73834,-0.66895,Water,0.512245,4.096311e-03,1.953047e-03,3.556295e-04,2.501261e-05,1.440167e-04
9,8,-5,-95,2.220332e-01,7.658310e-01,0.224761,0.987864,-1.50493,-0.26679,Water,0.765831,3.188877e-03,6.027304e-03,1.521979e-04,3.792432e-05,6.857038e-05
9,9,-5,-85,3.553595e-01,6.354367e-01,0.358661,0.990796,-1.03463,-0.45344,Water,0.635437,3.289275e-03,2.773241e-03,2.132730e-04,2.909843e-05,7.910912e-05
9,10,-5,-75,3.641931e-01,6.253758e-01,0.368032,0.989569,-1.01007,-0.46940,Water,0.625376,3.836303e-03,2.914467e-03,2.695769e-04,3.132936e-05,9.385092e-05
9,11,-5,-65,2.174712e-01,7.724713e-01,0.219681,0.989942,-1.52569,-0.25816,Water,0.772471,2.525225e-03,4.592476e-03,1.761504e-04,3.989571e-05,7.153900e-05
9,12,-5,-55,2.885504e-01,7.002276e-01,0.291825,0.988778,-1.24289,-0.35635,Water,0.700228,3.659867e-03,4.247739e-03,2.290121e-04,3.477457e-05,8.746078e-05
9,13,-5,-45,4.749276e-01,5.144505e-01,0.480026,0.989378,-0.74459,-0.66466,Water,0.514450,4.448272e-03,2.280525e-03,3.581259e-04,2.442871e-05,1.359147e-04
9,14,-5,-35,3.382982e-01,6.519911e-01,0.341616,0.990289,-1.08383,-0.42772,Water,0.651991,3.042975e-03,2.717133e-03,2.474029e-04,3.007265e-05,8.871839e-05
9,15,-5,-25,2.893045e-01,7.004311e-01,0.292305,0.989736,-1.24028,-0.35606,Water,0.700431,3.080355e-03,3.822597e-03,2.092054e-04,3.367917e-05,7.508539e-05
9,16,-5,-15,2.937204e-01,6.964310e-01,0.296642,0.990151,-1.22513,-0.36179,Water,0.696431,2.802911e-03,3.249592e-03,2.081629e-04,3.382742e-05,7.496287e-05
9,17,-5,-5,3.401019e-01,6.506666e-01,0.343271,0.990768,-1.07851,-0.42976,Water,0.650667,2.534975e-03,2.349070e-03,2.301842e-04,3.023405e-05,6.594272e-05
9,18,-5,5,5.867097e-01,4.039475e-01,0.592243,0.990657,-0.53323,-0.90647,Land,0.586710,3.362837e-03,1.315478e-03,3.257803e-04,2.391356e-05,5.339973e-05
9,19,-5,15,4.592538e-01,5.283126e-01,0.465036,0.987566,-0.77815,-0.63807,Water,0.528313,4.693172e-03,3.176807e-03,2.896506e-04,3.113274e-05,7.497651e-05
9,20,-5,25,4.751871e-01,5.127669e-01,0.480981,0.987954,-0.74405,-0.66793,Water,0.512767,5.290898e-03,3.037224e-03,3.032420e-04,2.978703e-05,7.885542e-05
9,21,-5,35,5.283182e-01,4.607704e-01,0.534146,0.989089,-0.63806,-0.77486,Land,0.528318,4.664967e-03,2.250283e-03,3.385306e-04,2.479701e-05,8.435627e-05
9,22,-5,45,5.535436e-01,4.358276e-01,0.559490,0.989371,-0.59141,-0.83051,Land,0.553544,4.775791e-03,2.012190e-03,3.873612e-04,2.304781e-05,1.009727e-04
9,23,-5,55,3.944782e-01,5.927232e-01,0.399592,0.987201,-0.93019,-0.52303,Water,0.592723,5.296001e-03,4.271485e-03,2.866786e-04,3.158532e-05,7.980770e-05
9,24,-5,65,3.437733e-01,6.445590e-01,0.347832,0.988332,-1.06777,-0.43919,Water,0.644559,3.997912e-03,4.664201e-03,2.505414e-04,3.647034e-05,7.270777e-05
9,25,-5,75,5.178930e-01,4.703720e-01,0.524043,0.988265,-0.65799,-0.75423,Land,0.517893,5.637002e-03,2.832528e-03,3.126948e-04,2.583768e-05,7.829106e-05
9,26,-5,85,3.499132e-01,6.397496e-01,0.353568,0.989663,-1.05007,-0.44668,Water,0.639750,3.781462e-03,4.056258e-03,1.871005e-04,3.212007e-05,5.571444e-05
9,27,-5,95,1.901075e-01,7.951694e-01,0.192948,0.985277,-1.66017,-0.22920,Water,0.795169,3.047261e-03,8.446978e-03,1.111507e-04,4.295913e-05,3.899904e-05
9,28,-5,105,4.620793e-01,5.257410e-01,0.467777,0.987820,-0.77202,-0.64295,Water,0.525741,4.819995e-03,3.337618e-03,2.914791e-04,3.172285e-05,8.870207e-05
9,29,-5,115,2.855561e-01,7.002449e-01,0.289669,0.985801,-1.25332,-0.35633,Water,0.700245,3.984396e-03,6.645237e-03,2.240687e-04,4.203282e-05,6.859037e-05
9,30,-5,125,3.551835e-01,6.324105e-01,0.359645,0.987594,-1.03512,-0.45822,Water,0.632411,4.497075e-03,4.411313e-03,2.535351e-04,3.626360e-05,8.547908e-05
9,31,-5,135,2.420345e-01,7.431010e-01,0.245686,0.985136,-1.41868,-0.29692,Water,0.743101,3.602567e-03,7.295020e-03,1.877044e-04,4.479654e-05,6.965990e-05
9,32,-5,145,7.937317e-02,9.052887e-01,0.080610,0.984662,-2.53359,-0.09950,Water,0.905289,1.466761e-03,1.153182e-02,6.124169e-05,5.411729e-05,2.605821e-05
9,33,-5,155,2.161456e-01,7.683692e-01,0.219545,0.984515,-1.53180,-0.26348,Water,0.768369,3.356881e-03,8.741766e-03,1.654740e-04,4.726666e-05,5.987421e-05
9,34,-5,165,2.086753e-01,7.757592e-01,0.211975,0.984435,-1.56698,-0.25391,Water,0.775759,3.378202e-03,9.307291e-03,1.456029e-04,4.791741e-05,5.751235e-05
9,35,-5,175,9.604494e-02,8.918938e-01,0.097218,0.987939,-2.34294,-0.11441,Water,0.891894,1.174683e-03,8.652721e-03,5.728395e-05,5.015644e-05,2.283166e-05
10,0,-15,-175,6.506230e-02,9.252797e-01,0.065697,0.990342,-2.73241,-0.07766,Water,0.925280,9.416185e-04,7.096253e-03,4.803493e-05,4.932796e-05,2.610339e-05
10,1,-15,-165,1.377430e-01,8.509411e-01,0.139320,0.988684,-1.98237,-0.16141,Water,0.850941,2.040201e-03,6.974855e-03,1.108575e-04,4.956456e-05,5.036021e-05
10,2,-15,-155,1.622566e-01,8.271214e-01,0.163999,0.989378,-1.81858,-0.18980,Water,0.827121,2.112020e-03,6.111975e-03,1.239817e-04,4.570961e-05,6.036351e-05
10,3,-15,-145,1.027124e-01,8.877668e-01,0.103700,0.990479,-2.27582,-0.11905,Water,0.887767,1.348640e-03,6.001771e-03,8.854348e-05,4.941029e-05,4.098668e-05
10,4,-15,-135,9.751134e-02,8.920083e-01,0.098544,0.989520,-2.32779,-0.11428,Water,0.892008,1.489514e-03,6.837653e-03,8.214587e-05,4.923835e-05,4.024125e-05
10,5,-15,-125,8.421045e-02,9.067060e-01,0.084982,0.990916,-2.47444,-0.09794,Water,0.906706,1.130644e-03,5.750389e-03,6.868669e-05,4.837905e-05,3.386229e-05
10,6,-15,-115,1.486263e-01,8.411233e-01,0.150166,0.989750,-1.90632,-0.17302,Water,0.841123,2.034286e-03,5.543533e-03,1.179325e-04,4.480799e-05,5.469515e-05
10,7,-15,-105,1.693850e-01,8.213235e-01,0.170974,0.990708,-1.77558,-0.19684,Water,0.821324,2.004749e-03,4.708478e-03,1.427723e-04,4.544183e-05,6.365304e-05
10,8,-15,-95,8.416388e-02,9.051266e-01,0.085075,0.989291,-2.47499,-0.09968,Water,0.905127,1.263940e-03,7.145509e-03,6.266251e-05,4.741952e-05,3.247040e-05
10,9,-15,-85,2.391465e-01,7.522399e-01,0.241224,0.991386,-1.43068,-0.28470,Water,0.752240,2.583653e-03,3.482658e-03,1.592586e-04,3.720283e-05,6.324136e-05
10,10,-15,-75,1.825822e-01,8.083562e-01,0.184252,0.990938,-1.70055,-0.21275,Water,0.808356,1.984000e-03,4.291187e-03,1.310415e-04,4.301245e-05,5.074547e-05
10,11,-15,-65,7.582800e-02,9.142561e-01,0.076587,0.990084,-2.57929,-0.08964,Water,0.914256,1.091826e-03,6.828335e-03,6.112759e-05,4.957232e-05,3.040629e-05
10,12,-15,-55,1.051440e-01,8.850148e-01,0.106189,0.990159,-2.25242,-0.12215,Water,0.885015,1.492476e-03,5.920548e-03,8.501369e-05,4.606106e-05,3.711325e-05
10,13,-15,-45,1.638544e-01,8.263781e-01,0.165471,0.990232,-1.80878,-0.19070,Water,0.826378,2.079481e-03,4.879696e-03,1.382644e-04,4.628598e-05,5.772295e-05
10,14,-15,-35,1.085989e-01,8.825463e-01,0.109569,0.991145,-2.22009,-0.12494,Water,0.882546,1.284139e-03,5.225758e-03,8.323997e-05,4.635243e-05,3.540422e-05
10,15,-15,-25,8.559525e-02,9.052433e-01,0.086387,0.990839,-2.45813,-0.09955,Water,0.905243,1.088796e-03,5.916456e-03,6.501086e-05,4.895698e-05,2.919624e-05
10,16,-15,-15,9.776408e-02,8.934968e-01,0.098626,0.991261,-2.32520,-0.11261,Water,0.893497,1.292152e-03,4.852343e-03,7.838236e-05,4.626628e-05,2.779234e-05
10,17,-15,-5,1.130272e-01,8.775129e-01,0.114107,0.990540,-2.18013,-0.13066,Water,0.877513,1.352140e-03,5.070752e-03,8.497460e-05,4.832725e-05,3.661941e-05
10,18,-15,5,1.998622e-01,7.893692e-01,0.202038,0.989231,-1.61013,-0.23652,Water,0.789369,2.148960e-03,5.319600e-03,1.412391e-04,5.244289e-05,4.069641e-05
10,19,-15,15,4.186678e-01,5.702495e-01,0.423360,0.988917,-0.87068,-0.56168,Water,0.570250,3.972317e-03,3.240256e-03,2.773879e-04,3.593179e-05,6.347472e-05
10,20,-15,25,1.667974e-01,8.213864e-01,0.168792,0.988184,-1.79098,-0.19676,Water,0.821386,2.202014e-03,7.042843e-03,1.158757e-04,5.099121e-05,3.946075e-05
10,21,-15,35,2.162059e-01,7.729292e-01,0.218581,0.989135,-1.53152,-0.25757,Water,0.772929,2.549392e-03,5.453604e-03,1.546157e-04,4.623172e-05,5.135920e-05
10,22,-15,45,2.458692e-01,7.438647e-01,0.248419,0.989734,-1.40296,-0.29590,Water,0.743865,2.488417e-03,4.713412e-03,1.819236e-04,4.547678e-05,5.771144e-05
10,23,-15,55,1.383517e-01,8.498376e-01,0.140005,0.988189,-1.97796,-0.16271,Water,0.849838,2.073890e-03,7.314936e-03,1.055970e-04,4.891053e-05,3.835526e-05
10,24,-15,65,1.585552e-01,8.306080e-01,0.160292,0.989163,-1.84165,-0.18560,Water,0.830608,2.025201e-03,6.527299e-03,1.185690e-04,4.946333e-05,4.138910e-05
10,25,-15,75,3.624248e-01,6.284826e-01,0.365750,0.990907,-1.01494,-0.46445,Water,0.628483,3.297949e-03,3.228848e-03,2.063990e-04,3.483033e-05,5.630426e-05
10,26,-15,85,2.625956e-01,7.275073e-01,0.265221,0.990103,-1.33714,-0.31813,Water,0.727507,2.923697e-03,4.503306e-03,1.550434e-04,3.959717e-05,4.580509e-05
10,27,-15,95,8.741295e-02,8.996152e-01,0.088562,0.987028,-2.43711,-0.10579,Water,0.899615,1.407852e-03,9.013455e-03,5.234413e-05,5.082263e-05,2.398485e-05
10,28,-15,105,2.296742e-01,7.590950e-01,0.232283,0.988769,-1.47109,-0.27563,Water,0.759095,2.465500e-03,5.590829e-03,1.600507e-04,4.856748e-05,5.453480e-05
10,29,-15,115,2.152676e-01,7.720051e-01,0.218043,0.987273,-1.53587,-0.25876,Water,0.772005,2.771384e-03,6.459830e-03,1.576370e-04,4.773166e-05,5.050756e-05
10,30,-15,125,1.453849e-01,8.442723e-01,0.146904,0.989657,-1.92837,-0.16928,Water,0.844272,1.758548e-03,5.917687e-03,1.045313e-04,5.045776e-05,3.784774e-05
10,31,-15,135,1.013844e-01,8.873884e-01,0.102536,0.988773,-2.28884,-0.11947,Water,0.887388,1.318463e-03,7.148810e-03,7.444860e-05,5.469507e-05,3.010386e-05
10,32,-15,145,5.414031e-02,9.329540e-01,0.054848,0.987094,-2.91618,-0.06940,Water,0.932954,8.884604e-04,9.931707e-03,4.245399e-05,5.695706e-05,1.913887e-05
10,33,-15,155,1.021179e-01,8.858635e-01,0.103360,0.987981,-2.28163,-0.12119,Water,0.885864,1.434111e-03,8.188906e-03,7.734586e-05,5.550548e-05,2.944334e-05
10,34,-15,165,9.992644e-02,8.875736e-01,0.101191,0.987500,-2.30332,-0.11926,Water,0.887574,1.508968e-03,8.594728e-03,7.047958e-05,5.228346e-05,3.083095e-05
10,35,-15,175,6.750503e-02,9.219003e-01,0.068228,0.989405,-2.69555,-0.08132,Water,0.921900,8.326201e-04,8.033606e-03,4.068730e-05,5.223620e-05,1.728193e-05
11,0,-25,-175,9.674402e-02,8.944275e-01,0.097606,0.991172,-2.33569,-0.11157,Water,0.894428,1.217463e-03,5.747326e-03,6.688183e-05,4.307834e-05,2.715303e-05
11,1,-25,-165,1.893208e-01,8.014961e-01,0.191075,0.990817,-1.66431,-0.22128,Water,0.801496,2.125307e-03,4.489965e-03,1.377585e-04,4.083675e-05,4.653724e-05
11,2,-25,-155,2.046777e-01,7.855126e-01,0.206705,0.990190,-1.58632,-0.24142,Water,0.785513,2.406149e-03,4.795815e-03,1.496635e-04,3.992448e-05,5.695024e-05
11,3,-25,-145,1.404094e-01,8.501205e-01,0.141752,0.990530,-1.96319,-0.16238,Water,0.850120,1.719838e-03,5.127168e-03,1.140259e-04,4.347455e-05,4.225469e-05
11,4,-25,-135,1.571992e-01,8.334504e-01,0.158683,0.990650,-1.85024,-0.18218,Water,0.833450,1.958947e-03,4.766775e-03,1.259972e-04,4.264861e-05,4.536177e-05
11,5,-25,-125,9.013182e-02,9.012207e-01,0.090918,0.991353,-2.40648,-0.10401,Water,0.901221,1.154532e-03,5.106447e-03,6.712560e-05,4.346061e-05,2.591659e-05
11,6,-25,-115,1.356131e-01,8.559607e-01,0.136765,0.991574,-1.99795,-0.15553,Water,0.855961,1.466127e-03,4.532013e-03,1.032574e-04,4.198727e-05,3.487433e-05
11,7,-25,-105,2.051207e-01,7.864640e-01,0.206862,0.991585,-1.58416,-0.24021,Water,0.786464,2.090357e-03,3.598535e-03,1.548017e-04,4.015540e-05,5.218465e-05
11,8,-25,-95,8.718513e-02,9.038820e-01,0.087971,0.991067,-2.43972,-0.10106,Water,0.903882,1.178784e-03,5.516974e-03,6.058621e-05,4.232193e-05,2.397530e-05
11,9,-25,-85,3.283206e-01,6.640892e-01,0.330832,0.992410,-1.11376,-0.40934,Water,0.664089,2.750470e-03,2.164575e-03,2.079723e-04,2.992653e-05,6.460673e-05
11,10,-25,-75,1.039495e-01,8.875348e-01,0.104842,0.991484,-2.26385,-0.11931,Water,0.887535,1.306366e-03,4.900016e-03,7.576761e-05,4.390185e-05,2.475327e-05
11,11,-25,-65,9.471773e-02,8.962638e-01,0.095580,0.990982,-2.35685,-0.10952,Water,0.896264,1.314237e-03,5.711311e-03,7.549327e-05,4.770791e-05,2.724009e-05
11,12,-25,-55,1.052700e-01,8.854627e-01,0.106255,0.990733,-2.25123,-0.12164,Water,0.885463,1.457208e-03,5.534403e-03,8.643736e-05,4.729128e-05,2.748492e-05
11,13,-25,-45,1.895504e-01,8.016558e-01,0.191232,0.991206,-1.66310,-0.22108,Water,0.801656,2.149484e-03,3.996707e-03,1.547919e-04,4.142417e-05,4.621587e-05
11,14,-25,-35,1.273487e-01,8.648546e-01,0.128349,0.992203,-2.06083,-0.14519,Water,0.864855,1.314628e-03,4.107595e-03,9.798123e-05,4.330263e-05,2.968521e-05
11,15,-25,-25,7.698894e-02,9.145859e-01,0.077643,0.991575,-2.56409,-0.08928,Water,0.914586,1.005575e-03,5.400525e-03,6.069003e-05,4.813024e-05,1.829248e-05
11,16,-25,-15,1.002064e-01,8.912733e-01,0.101068,0.991480,-2.30052,-0.11510,Water,0.891273,1.237977e-03,5.063992e-03,7.808201e-05,4.681430e-05,2.586047e-05
11,17,-25,-5,1.121007e-01,8.781634e-01,0.113203,0.990264,-2.18836,-0.12992,Water,0.878163,1.466670e-03,5.563298e-03,8.225008e-05,4.983389e-05,2.498020e-05
11,18,-25,5,1.354771e-01,8.549964e-01,0.136780,0.990473,-1.99895,-0.15666,Water,0.854996,1.518552e-03,5.349231e-03,9.487387e-05,5.524732e-05,2.014049e-05
11,19,-25,15,1.299227e-01,8.602584e-01,0.131211,0.990181,-2.04082,-0.15052,Water,0.860258,1.579119e-03,5.737835e-03,9.304538e-05,5.401466e-05,2.444321e-05
11,20,-25,25,2.333965e-01,7.582106e-01,0.235372,0.991607,-1.45502,-0.27679,Water,0.758211,2.200305e-03,3.672328e-03,1.695210e-04,4.956308e-05,2.960512e-05
11,21,-25,35,1.983668e-01,7.931110e-01,0.200072,0.991478,-1.61764,-0.23179,Water,0.793111,1.911199e-03,4.040239e-03,1.341921e-04,4.492698e-05,3.515617e-05
11,22,-25,45,2.026138e-01,7.880810e-01,0.204517,0.990695,-1.59645,-0.23815,Water,0.788081,2.165400e-03,4.629122e-03,1.462031e-04,4.670926e-05,3.954984e-05
11,23,-25,55,1.213788e-01,8.687207e-01,0.122593,0.990100,-2.10884,-0.14073,Water,0.868721,1.742793e-03,6.166812e-03,9.343337e-05,4.852481e-05,2.439841e-05
11,24,-25,65,1.274233e-01,8.637780e-01,0.128554,0.991201,-2.06024,-0.14644,Water,0.863778,1.480129e-03,5.411022e-03,9.386849e-05,4.925593e-05,2.561955e-05
11,25,-25,75,1.911164e-01,8.004359e-01,0.192745,0.991552,-1.65487,-0.22260,Water,0.800436,1.815460e-03,4.482213e-03,1.188583e-04,4.622276e-05,2.719217e-05
11,26,-25,85,3.601154e-01,6.321090e-01,0.362937,0.992224,-1.02133,-0.45869,Water,0.632109,2.869499e-03,2.500465e-03,2.206249e-04,3.336588e-05,5.094224e-05
11,27,-25,95,6.875205e-02,9.222376e-01,0.069377,0.990990,-2.67725,-0.08095,Water,0.922238,8.720422e-04,5.864475e-03,4.120467e-05,4.824114e-05,1.485883e-05
11,28,-25,105,1.733407e-01,8.174871e-01,0.174945,0.990828,-1.75250,-0.20152,Water,0.817487,1.691934e-03,4.691161e-03,1.111817e-04,4.934176e-05,3.064740e-05
11,29,-25,115,1.331045e-01,8.572515e-01,0.134401,0.990356,-2.01662,-0.15402,Water,0.857252,1.494132e-03,5.514931e-03,9.272334e-05,4.948806e-05,2.501162e-05
11,30,-25,125,1.542311e-01,8.364813e-01,0.155677,0.990712,-1.86930,-0.17855,Water,0.836481,1.748529e-03,5.120017e-03,1.003031e-04,4.793426e-05,2.679507e-05
11,31,-25,135,9.271785e-02,8.977190e-01,0.093613,0.990437,-2.37819,-0.10790,Water,0.897719,1.113382e-03,5.809717e-03,6.406989e-05,5.197967e-05,2.155746e-05
11,32,-25,145,3.915463e-02,9.508126e-01,0.039551,0.989967,-3.24024,-0.05044,Water,0.950813,5.334320e-04,7.681908e-03,2.681729e-05,5.149893e-05,1.041729e-05
11,33,-25,155,1.014952e-01,8.876106e-01,0.102613,0.989106,-2.28774,-0.11922,Water,0.887611,1.324260e-03,7.122180e-03,7.009915e-05,5.168614e-05,2.198709e-05
11,34,-25,165,8.639848e-02,9.041958e-01,0.087219,0.990594,-2.44879,-0.10071,Water,0.904196,1.012789e-03,6.383429e-03,5.436250e-05,4.864057e-05,1.934917e-05
11,35,-25,175,6.030664e-02,9.309265e-01,0.060840,0.991233,-2.80831,-0.07157,Water,0.930927,6.615226e-04,6.456369e-03,3.512708e-05,4.776126e-05,1.294571e-05
12,0,-35,-175,2.110965e-02,9.701946e-01,0.021295,0.991304,-3.85803,-0.03026,Water,0.970195,2.955109e-04,7.304238e-03,1.364120e-05,4.356879e-05,6.952303e-06
12,1,-35,-165,1.927701e-02,9.710125e-01,0.019466,0.990290,-3.94884,-0.02942,Water,0.971013,3.022528e-04,8.079317e-03,1.355038e-05,4.696624e-05,6.990122e-06
12,2,-35,-155,2.743385e-02,9.620871e-01,0.027724,0.989521,-3.59598,-0.03865,Water,0.962087,4.345062e-04,8.671770e-03,1.990019e-05,4.528846e-05,9.596435e-06
12,3,-35,-145,1.866043e-02,9.725906e-01,0.018825,0.991251,-3.98135,-0.02779,Water,0.972591,2.876718e-04,7.111222e-03,1.459024e-05,4.616706e-05,7.349537e-06
12,4,-35,-135,2.129584e-02,9.690941e-01,0.021502,0.990390,-3.84924,-0.03139,Water,0.969094,3.505519e-04,7.914427e-03,1.595140e-05,4.614908e-05,7.768016e-06
12,5,-35,-125,1.427638e-02,9.785028e-01,0.014380,0.992779,-4.24915,-0.02173,Water,0.978503,1.936163e-04,5.755915e-03,1.062234e-05,4.245550e-05,5.525643e-06
12,6,-35,-115,2.245957e-02,9.696540e-01,0.022638,0.992114,-3.79604,-0.03082,Water,0.969654,2.908805e-04,6.069508e-03,1.676049e-05,4.346564e-05,7.716410e-06
12,7,-35,-105,2.210789e-02,9.699806e-01,0.022284,0.992089,-3.81182,-0.03048,Water,0.969981,2.967854e-04,6.024774e-03,1.636736e-05,4.488565e-05,7.698270e-06
12,8,-35,-95,1.704303e-02,9.749068e-01,0.017181,0.991950,-4.07201,-0.02541,Water,0.974907,2.263620e-04,6.403572e-03,1.112594e-05,4.245208e-05,5.850885e-06
12,9,-35,-85,5.825558e-02,9.345085e-01,0.058680,0.992764,-2.84292,-0.06773,Water,0.934508,7.094779e-04,4.739098e-03,4.014536e-05,4.210597e-05,1.492657e-05
12,10,-35,-75,1.401120e-02,9.786609e-01,0.014115,0.992672,-4.26790,-0.02157,Water,0.978661,1.854570e-04,5.795836e-03,1.007547e-05,4.331563e-05,4.945600e-06
12,11,-35,-65,9.607032e-03,9.817193e-01,0.009691,0.991326,-4.64526,-0.01845,Water,0.981719,1.568578e-04,7.434054e-03,6.773481e-06,4.451434e-05,3.905510e-06
12,12,-35,-55,1.522958e-02,9.757973e-01,0.015367,0.991027,-4.18452,-0.02450,Water,0.975797,2.584206e-04,7.295285e-03,1.159717e-05,4.518153e-05,5.557070e-06
12,13,-35,-45,2.233896e-02,9.693857e-01,0.022525,0.991725,-3.80142,-0.03109,Water,0.969386,3.333644e-04,6.468589e-03,1.780352e-05,4.572076e-05,7.799865e-06
12,14,-35,-35,2.363945e-02,9.675491e-01,0.023850,0.991189,-3.74484,-0.03299,Water,0.967549,3.727583e-04,6.915731e-03,1.869643e-05,4.515340e-05,6.439058e-06
12,15,-35,-25,1.211487e-02,9.793527e-01,0.012219,0.991468,-4.41332,-0.02086,Water,0.979353,1.848654e-04,6.971478e-03,8.712266e-06,4.680822e-05,4.390280e-06
12,16,-35,-15,1.079369e-02,9.810626e-01,0.010882,0.991856,-4.52879,-0.01912,Water,0.981063,1.655629e-04,6.637346e-03,7.717823e-06,4.581767e-05,3.983463e-06
12,17,-35,-5,1.580528e-02,9.755484e-01,0.015943,0.991354,-4.14741,-0.02476,Water,0.975548,2.424587e-04,6.508247e-03,1.136184e-05,4.929235e-05,5.292663e-06
12,18,-35,5,1.586708e-02,9.747319e-01,0.016018,0.990599,-4.14351,-0.02559,Water,0.974732,2.450260e-04,7.692027e-03,1.089960e-05,5.499084e-05,3.761696e-06
12,19,-35,15,1.368385e-02,9.768812e-01,0.013814,0.990565,-4.29154,-0.02339,Water,0.976881,2.093529e-04,7.964461e-03,9.768657e-06,5.171041e-05,3.949899e-06
12,20,-35,25,1.459654e-02,9.755092e-01,0.014742,0.990106,-4.22697,-0.02480,Water,0.975509,2.446720e-04,8.489826e-03,1.052651e-05,5.253411e-05,4.207430e-06
12,21,-35,35,7.060328e-02,9.227027e-01,0.071079,0.993306,-2.65068,-0.08045,Water,0.922703,6.703844e-04,4.472903e-03,4.715657e-05,4.967127e-05,9.597622e-06
12,22,-35,45,2.663279e-02,9.643781e-01,0.026874,0.991011,-3.62561,-0.03627,Water,0.964378,3.638574e-04,7.247981e-03,1.977278e-05,5.058357e-05,6.656537e-06
12,23,-35,55,1.477752e-02,9.753652e-01,0.014925,0.990143,-4.21465,-0.02494,Water,0.975365,2.479538e-04,8.562921e-03,1.085005e-05,4.885235e-05,4.471724e-06
12,24,-35,65,1.653307e-02,9.749641e-01,0.016675,0.991497,-4.10239,-0.02535,Water,0.974964,2.186297e-04,7.341350e-03,1.102520e-05,4.789529e-05,4.476113e-06
12,25,-35,75,1.679745e-02,9.743461e-01,0.016948,0.991144,-4.08653,-0.02599,Water,0.974346,2.363637e-04,7.545343e-03,1.139362e-05,5.007622e-05,4.429673e-06
12,26,-35,85,6.034518e-02,9.317294e-01,0.060827,0.992075,-2.80767,-0.07071,Water,0.931729,7.194798e-04,5.675729e-03,3.926041e-05,4.606306e-05,1.155989e-05
12,27,-35,95,2.418432e-02,9.671453e-01,0.024396,0.991330,-3.72205,-0.03341,Water,0.967145,3.257432e-04,6.886012e-03,1.470778e-05,4.674062e-05,6.308497e-06
12,28,-35,105,2.134559e-02,9.693205e-01,0.021547,0.990666,-3.84691,-0.03116,Water,0.969320,2.893972e-04,7.618296e-03,1.394839e-05,5.174059e-05,5.710240e-06
12,29,-35,115,1.778799e-02,9.735171e-01,0.017944,0.991305,-4.02923,-0.02684,Water,0.973517,2.314455e-04,7.158978e-03,1.241120e-05,4.885147e-05,5.188697e-06
12,30,-35,125,1.766433e-02,9.740676e-01,0.017812,0.991732,-4.03621,-0.02627,Water,0.974068,2.331845e-04,6.843827e-03,1.208277e-05,4.723607e-05,5.380479e-06
12,31,-35,135,1.876169e-02,9.721608e-01,0.018934,0.990922,-3.97594,-0.02823,Water,0.972161,2.519506e-04,7.359553e-03,1.232532e-05,5.035352e-05,5.282525e-06
12,32,-35,145,1.098079e-02,9.789919e-01,0.011092,0.989973,-4.51161,-0.02123,Water,0.978992,1.741129e-04,8.767955e-03,7.614023e-06,4.851498e-05,3.794580e-06
12,33,-35,155,1.920324e-02,9.706639e-01,0.019400,0.989867,-3.95268,-0.02977,Water,0.970664,2.896032e-04,8.450881e-03,1.328218e-05,5.049631e-05,5.415854e-06
12,34,-35,165,1.404829e-02,9.745388e-01,0.014210,0.988587,-4.26525,-0.02579,Water,0.974539,2.282292e-04,9.969959e-03,9.174675e-06,4.962862e-05,4.535331e-06
12,35,-35,175,1.801242e-02,9.733006e-01,0.018170,0.991313,-4.01669,-0.02706,Water,0.973301,2.197307e-04,7.417265e-03,9.870558e-06,4.605440e-05,4.665230e-06
13,0,-45,-175,2.717571e-02,9.662218e-01,0.027356,0.993397,-3.60543,-0.03436,Water,0.966222,3.695685e-04,5.103887e-03,2.055263e-05,3.999768e-05,1.035258e-05
13,1,-45,-165,3.262012e-02,9.595148e-01,0.032879,0.992135,-3.42283,-0.04133,Water,0.959515,4.943628e-04,5.795962e-03,3.048481e-05,4.519641e-05,1.277424e-05
13,2,-45,-155,4.287662e-02,9.487050e-01,0.043241,0.991582,-3.14943,-0.05266,Water,0.948705,6.386215e-04,6.032320e-03,4.081309e-05,4.381747e-05,1.687462e-05
13,3,-45,-145,2.380350e-02,9.674766e-01,0.024013,0.991280,-3.73792,-0.03306,Water,0.967477,4.066397e-04,6.824188e-03,2.432501e-05,4.547411e-05,1.079416e-05
13,4,-45,-135,2.344401e-02,9.694951e-01,0.023611,0.992939,-3.75314,-0.03098,Water,0.969495,3.655230e-04,5.223180e-03,2.405259e-05,4.324823e-05,1.130743e-05
13,5,-45,-125,1.727652e-02,9.771854e-01,0.017373,0.994462,-4.05841,-0.02308,Water,0.977185,2.295082e-04,3.904946e-03,1.796823e-05,4.123674e-05,7.947942e-06
13,6,-45,-115,2.952087e-02,9.642671e-01,0.029705,0.993788,-3.52266,-0.03639,Water,0.964267,4.116566e-04,4.251717e-03,3.032997e-05,4.210594e-05,1.134060e-05
13,7,-45,-105,3.627106e-02,9.571115e-01,0.036513,0.993383,-3.31674,-0.04384,Water,0.957112,4.740705e-04,4.128858e-03,3.937556e-05,4.312735e-05,1.536308e-05
13,8,-45,-95,2.638355e-02,9.673835e-01,0.026549,0.993767,-3.63501,-0.03316,Water,0.967384,3.694029e-04,4.495401e-03,2.078279e-05,3.790485e-05,9.992939e-06
13,9,-45,-85,5.633156e-02,9.367978e-01,0.056721,0.993129,-2.87650,-0.06529,Water,0.936798,8.315924e-04,4.208821e-03,5.318398e-05,3.878871e-05,2.047637e-05
13,10,-45,-75,1.633962e-02,9.777370e-01,0.016437,0.994077,-4.11416,-0.02251,Water,0.977737,2.554273e-04,4.381296e-03,1.715308e-05,4.002275e-05,7.664372e-06
13,11,-45,-65,1.559138e-02,9.780749e-01,0.015691,0.993666,-4.16104,-0.02217,Water,0.978075,2.365092e-04,4.793639e-03,1.564730e-05,4.228334e-05,7.202142e-06
13,12,-45,-55,2.109379e-02,9.718598e-01,0.021243,0.992954,-3.85878,-0.02854,Water,0.971860,3.489004e-04,5.243015e-03,2.233387e-05,4.342978e-05,9.182469e-06
13,13,-45,-45,3.004181e-02,9.636019e-01,0.030234,0.993644,-3.50517,-0.03708,Water,0.963602,4.707414e-04,4.112309e-03,3.763122e-05,4.302488e-05,1.198930e-05
13,14,-45,-35,2.007950e-02,9.738382e-01,0.020202,0.993918,-3.90806,-0.02651,Water,0.973838,2.718697e-04,4.286635e-03,2.011001e-05,4.157036e-05,8.214452e-06
13,15,-45,-25,1.510164e-02,9.779176e-01,0.015208,0.993019,-4.19295,-0.02233,Water,0.977918,2.338892e-04,5.389383e-03,1.477264e-05,4.342504e-05,6.490915e-06
13,16,-45,-15,1.179982e-02,9.820020e-01,0.011873,0.993802,-4.43967,-0.01816,Water,0.982002,1.761540e-04,4.666562e-03,1.159528e-05,4.200705e-05,5.404931e-06
13,17,-45,-5,1.806973e-02,9.749737e-01,0.018196,0.993043,-4.01352,-0.02534,Water,0.974974,2.859764e-04,4.801399e-03,1.808572e-05,4.443622e-05,7.458530e-06
13,18,-45,5,1.742549e-02,9.743308e-01,0.017570,0.991756,-4.04982,-0.02600,Water,0.974331,3.013384e-04,6.540717e-03,1.657809e-05,4.918296e-05,6.075216e-06
13,19,-45,15,1.494987e-02,9.766151e-01,0.015077,0.991565,-4.20305,-0.02366,Water,0.976615,2.759945e-04,6.758038e-03,1.463109e-05,4.778024e-05,6.756622e-06
13,20,-45,25,1.544263e-02,9.756251e-01,0.015582,0.991068,-4.17062,-0.02468,Water,0.975625,3.049306e-04,7.410472e-03,1.672023e-05,4.880012e-05,6.413354e-06
13,21,-45,35,2.758475e-02,9.642824e-01,0.027811,0.991867,-3.59049,-0.03637,Water,0.964282,4.343206e-04,6.249580e-03,2.771767e-05,4.847227e-05,1.030212e-05
13,22,-45,45,8.743026e-02,9.052812e-01,0.088072,0.992711,-2.43691,-0.09951,Water,0.905281,1.064169e-03,4.331925e-03,9.290943e-05,4.763863e-05,2.152640e-05
13,23,-45,55,2.510862e-02,9.660768e-01,0.025332,0.991185,-3.68454,-0.03451,Water,0.966077,4.877080e-04,7.122582e-03,2.453417e-05,4.672912e-05,1.005939e-05
13,24,-45,65,2.046183e-02,9.723038e-01,0.020611,0.992766,-3.88919,-0.02809,Water,0.972304,3.121792e-04,5.793993e-03,1.985298e-05,4.563423e-05,8.353743e-06
13,25,-45,75,1.644324e-02,9.752403e-01,0.016581,0.991683,-4.10784,-0.02507,Water,0.975240,2.781716e-04,6.980231e-03,1.532717e-05,4.760535e-05,6.445240e-06
13,26,-45,85,6.415800e-02,9.280526e-01,0.064662,0.992211,-2.74641,-0.07467,Water,0.928053,8.960083e-04,5.302554e-03,5.663368e-05,4.425850e-05,1.975365e-05
13,27,-45,95,2.831556e-02,9.640696e-01,0.028533,0.992385,-3.56434,-0.03659,Water,0.964070,4.188566e-04,5.702599e-03,2.088098e-05,4.375697e-05,9.119408e-06
13,28,-45,105,2.740421e-02,9.642975e-01,0.027634,0.991702,-3.59706,-0.03636,Water,0.964297,4.187407e-04,6.259651e-03,2.555772e-05,5.108915e-05,1.032654e-05
13,29,-45,115,2.922767e-02,9.627322e-01,0.029465,0.991960,-3.53264,-0.03798,Water,0.962732,4.599978e-04,5.971877e-03,2.815214e-05,4.791226e-05,1.053883e-05
13,30,-45,125,2.082442e-02,9.715141e-01,0.020985,0.992339,-3.87163,-0.02890,Water,0.971514,3.618788e-04,5.959995e-03,2.043567e-05,4.717145e-05,9.396138e-06
13,31,-45,135,1.938714e-02,9.722686e-01,0.019550,0.991656,-3.94315,-0.02812,Water,0.972269,3.232736e-04,6.424470e-03,1.845452e-05,4.895876e-05,9.186410e-06
13,32,-45,145,1.904638e-02,9.715821e-01,0.019227,0.990628,-3.96088,-0.02883,Water,0.971582,3.397933e-04,7.756321e-03,1.718385e-05,4.898428e-05,8.082973e-06
13,33,-45,155,2.678644e-02,9.635837e-01,0.027047,0.990370,-3.61986,-0.03710,Water,0.963584,4.648767e-04,7.452853e-03,2.578249e-05,4.975614e-05,1.092357e-05
13,34,-45,165,1.995870e-02,9.705791e-01,0.020149,0.990538,-3.91409,-0.02986,Water,0.970579,3.325719e-04,7.807953e-03,1.564123e-05,4.678211e-05,7.601459e-06
13,35,-45,175,2.007696e-02,9.727854e-01,0.020221,0.992862,-3.90818,-0.02759,Water,0.972785,2.414095e-04,5.767681e-03,1.220760e-05,4.303666e-05,6.629326e-06
14,0,-55,-175,5.243999e-03,9.881201e-01,0.005279,0.993364,-5.25067,-0.01195,Water,0.988120,8.746564e-05,5.813386e-03,3.573943e-06,3.583142e-05,2.570339e-06
14,1,-55,-165,6.182317e-03,9.860292e-01,0.006231,0.992212,-5.08606,-0.01407,Water,0.986029,1.086210e-04,6.823052e-03,4.697881e-06,3.972005e-05,3.157072e-06
14,2,-55,-155,7.546561e-03,9.847783e-01,0.007605,0.992325,-4.88666,-0.01534,Water,0.984778,1.347872e-04,6.706509e-03,5.496817e-06,3.903714e-05,3.551653e-06
14,3,-55,-145,5.357196e-03,9.877807e-01,0.005394,0.993138,-5.22931,-0.01229,Water,0.987781,8.656004e-05,5.915641e-03,4.203886e-06,3.906612e-05,2.762345e-06
14,4,-55,-135,4.515036e-03,9.892501e-01,0.004543,0.993765,-5.40034,-0.01081,Water,0.989250,7.410653e-05,5.335042e-03,3.588720e-06,3.715360e-05,2.380384e-06
14,5,-55,-125,3.684370e-03,9.909745e-01,0.003704,0.994659,-5.60366,-0.00907,Water,0.990975,5.509363e-05,4.417072e-03,2.823761e-06,3.582362e-05,2.062191e-06
14,6,-55,-115,5.533835e-03,9.886441e-01,0.005566,0.994178,-5.19687,-0.01142,Water,0.988644,8.096403e-05,4.883704e-03,4.227841e-06,3.576819e-05,2.719545e-06
14,7,-55,-105,4.851550e-03,9.890511e-01,0.004881,0.993903,-5.32846,-0.01101,Water,0.989051,7.518106e-05,5.161849e-03,3.685270e-06,3.595919e-05,2.453237e-06
14,8,-55,-95,5.517602e-03,9.880009e-01,0.005554,0.993519,-5.19981,-0.01207,Water,0.988001,8.976011e-05,5.570144e-03,3.777326e-06,3.509523e-05,2.687025e-06
14,9,-55,-85,6.563324e-03,9.872404e-01,0.006604,0.993804,-5.02626,-0.01284,Water,0.987240,1.075940e-04,5.213720e-03,4.850768e-06,3.613050e-05,3.268506e-06
14,10,-55,-75,2.606270e-03,9.910977e-01,0.002623,0.993704,-5.94984,-0.00894,Water,0.991098,4.399001e-05,5.491205e-03,1.916471e-06,3.594882e-05,1.459765e-06
14,11,-55,-65,2.912483e-03,9.912207e-01,0.002930,0.994133,-5.83875,-0.00882,Water,0.991221,4.593752e-05,5.132082e-03,2.013786e-06,3.464571e-05,1.579219e-06
14,12,-55,-55,6.551740e-03,9.862576e-01,0.006599,0.992809,-5.02802,-0.01384,Water,0.986258,1.203027e-04,6.226249e-03,5.363076e-06,3.656618e-05,2.780879e-06
14,13,-55,-45,4.603796e-03,9.891688e-01,0.004633,0.993773,-5.38087,-0.01089,Water,0.989169,7.459590e-05,5.260319e-03,3.702111e-06,3.803821e-05,2.322199e-06
14,14,-55,-35,2.591956e-03,9.916040e-01,0.002607,0.994196,-5.95534,-0.00843,Water,0.991604,4.099340e-05,5.044242e-03,1.880716e-06,3.392297e-05,1.395909e-06
14,15,-55,-25,2.226671e-03,9.910345e-01,0.002242,0.993261,-6.10725,-0.00901,Water,0.991035,3.991072e-05,5.966079e-03,1.598708e-06,3.439259e-05,1.271343e-06
14,16,-55,-15,2.265311e-03,9.911255e-01,0.002280,0.993391,-6.09004,-0.00891,Water,0.991125,4.068346e-05,5.777342e-03,1.645334e-06,3.538310e-05,1.256148e-06
14,17,-55,-5,3.003513e-03,9.906249e-01,0.003023,0.993628,-5.80797,-0.00942,Water,0.990625,4.977489e-05,5.361780e-03,2.242622e-06,3.733329e-05,1.477538e-06
14,18,-55,5,2.900135e-03,9.903241e-01,0.002920,0.993224,-5.84300,-0.00972,Water,0.990324,5.062520e-05,5.966478e-03,2.273011e-06,3.960655e-05,1.436510e-06
14,19,-55,15,3.034472e-03,9.898100e-01,0.003056,0.992844,-5.79772,-0.01024,Water,0.989810,5.488397e-05,6.306771e-03,2.320243e-06,3.818835e-05,1.685534e-06
14,20,-55,25,2.495167e-03,9.905265e-01,0.002513,0.993022,-5.99340,-0.00952,Water,0.990527,4.703342e-05,6.292070e-03,1.953715e-06,3.800429e-05,1.437349e-06
14,21,-55,35,4.005272e-03,9.887622e-01,0.004034,0.992768,-5.52014,-0.01130,Water,0.988762,7.117522e-05,6.429257e-03,3.176798e-06,3.796504e-05,2.066648e-06
14,22,-55,45,6.240588e-03,9.867978e-01,0.006284,0.993038,-5.07668,-0.01329,Water,0.986798,1.018143e-04,6.083202e-03,5.490222e-06,4.015183e-05,2.919032e-06
14,23,-55,55,1.573726e-02,9.779143e-01,0.015838,0.993652,-4.15172,-0.02233,Water,0.977914,2.240317e-04,5.381035e-03,1.321891e-05,3.848767e-05,4.669565e-06
14,24,-55,65,3.999326e-03,9.889454e-01,0.004028,0.992945,-5.52163,-0.01112,Water,0.988945,6.672173e-05,6.356392e-03,2.961912e-06,3.834339e-05,2.022030e-06
14,25,-55,75,3.755537e-03,9.887551e-01,0.003784,0.992511,-5.58452,-0.01131,Water,0.988755,6.616496e-05,6.809692e-03,2.908783e-06,3.989221e-05,1.942403e-06
14,26,-55,85,8.859254e-03,9.833937e-01,0.008928,0.992253,-4.72629,-0.01675,Water,0.983394,1.509131e-04,6.834446e-03,6.621976e-06,3.907419e-05,3.932801e-06
14,27,-55,95,5.704164e-03,9.872686e-01,0.005745,0.992973,-5.16656,-0.01281,Water,0.987269,9.480697e-05,6.120609e-03,3.768491e-06,3.812667e-05,2.783859e-06
14,28,-55,105,4.618814e-03,9.882021e-01,0.004652,0.992821,-5.37762,-0.01187,Water,0.988202,7.592728e-05,6.299722e-03,3.537595e-06,4.121097e-05,2.425866e-06
14,29,-55,115,6.374414e-03,9.871653e-01,0.006416,0.993540,-5.05546,-0.01292,Water,0.987165,9.638213e-05,5.553493e-03,4.909990e-06,3.989215e-05,3.184023e-06
14,30,-55,125,4.637265e-03,9.887285e-01,0.004668,0.993366,-5.37363,-0.01134,Water,0.988729,8.012199e-05,5.820117e-03,3.791004e-06,3.846121e-05,2.740638e-06
14,31,-55,135,4.089949e-03,9.890522e-01,0.004118,0.993142,-5.49922,-0.01101,Water,0.989052,6.734594e-05,5.972526e-03,3.151665e-06,3.947459e-05,2.354934e-06
14,32,-55,145,3.714279e-03,9.886992e-01,0.003743,0.992413,-5.59557,-0.01137,Water,0.988699,6.420593e-05,6.794841e-03,2.783056e-06,4.038784e-05,2.126655e-06
14,33,-55,155,5.423074e-03,9.862820e-01,0.005468,0.991705,-5.21709,-0.01381,Water,0.986282,9.465660e-05,7.415829e-03,3.671355e-06,4.037380e-05,2.579276e-06
14,34,-55,165,4.225391e-03,9.875533e-01,0.004260,0.991779,-5.46664,-0.01252,Water,0.987553,7.492030e-05,7.444390e-03,3.038561e-06,4.032496e-05,2.286613e-06
14,35,-55,175,3.813437e-03,9.895105e-01,0.003839,0.993324,-5.56922,-0.01054,Water,0.989510,5.610833e-05,5.980379e-03,2.434059e-06,3.910118e-05,1.874738e-06
15,0,-65,-175,4.129690e-02,9.537953e-01,0.041501,0.995092,-3.18697,-0.04731,Water,0.953795,4.099346e-04,3.018182e-03,4.057795e-05,3.963093e-05,1.522395e-05
15,1,-65,-165,7.321778e-02,9.195772e-01,0.073749,0.992795,-2.61432,-0.08384,Water,0.919577,9.354244e-04,4.565136e-03,7.117056e-05,4.210733e-05,2.627807e-05
15,2,-65,-155,6.524326e-02,9.288377e-01,0.065632,0.994081,-2.72963,-0.07382,Water,0.928838,7.265491e-04,3.574311e-03,6.456976e-05,3.940969e-05,2.399452e-05
15,3,-65,-145,6.391464e-02,9.303184e-01,0.064285,0.994233,-2.75021,-0.07223,Water,0.930318,6.882374e-04,3.365687e-03,7.026075e-05,4.079431e-05,2.661893e-05
15,4,-65,-135,4.987730e-02,9.448369e-01,0.050142,0.994714,-2.99819,-0.05674,Water,0.944837,5.540741e-04,3.047675e-03,5.501616e-05,4.062956e-05,1.977994e-05
15,5,-65,-125,3.625575e-02,9.594486e-01,0.036412,0.995704,-3.31716,-0.04140,Water,0.959449,3.320773e-04,2.349053e-03,3.768853e-05,3.828109e-05,1.507647e-05
15,6,-65,-115,4.643279e-02,9.488604e-01,0.046652,0.995293,-3.06975,-0.05249,Water,0.948860,4.623249e-04,2.625351e-03,5.038609e-05,3.781385e-05,1.858132e-05
15,7,-65,-105,4.694924e-02,9.482221e-01,0.047177,0.995171,-3.05869,-0.05317,Water,0.948222,4.739003e-04,2.663015e-03,5.189915e-05,3.917785e-05,1.814237e-05
15,8,-65,-95,4.838689e-02,9.463278e-01,0.048644,0.994715,-3.02853,-0.05517,Water,0.946328,5.381843e-04,3.208441e-03,4.659358e-05,3.845080e-05,1.973719e-05
15,9,-65,-85,5.366343e-02,9.412340e-01,0.053939,0.994897,-2.92502,-0.06056,Water,0.941234,6.021453e-04,2.966583e-03,5.220292e-05,3.726771e-05,2.206714e-05
15,10,-65,-75,2.708518e-02,9.681615e-01,0.027215,0.995247,-3.60877,-0.03236,Water,0.968162,3.180085e-04,3.126392e-03,2.819774e-05,3.725621e-05,1.193572e-05
15,11,-65,-65,5.331809e-02,9.419939e-01,0.053569,0.995312,-2.93148,-0.05976,Water,0.941994,5.818510e-04,2.843868e-03,5.865574e-05,3.555707e-05,1.781891e-05
15,12,-65,-55,4.978884e-02,9.454647e-01,0.050026,0.995254,-2.99996,-0.05608,Water,0.945465,5.087334e-04,2.384414e-03,5.889657e-05,3.753564e-05,2.163397e-05
15,13,-65,-45,9.268604e-02,9.026175e-01,0.093123,0.995304,-2.37854,-0.10246,Water,0.902618,7.830885e-04,1.911721e-03,1.143669e-04,3.562600e-05,3.614423e-05
15,14,-65,-35,3.824235e-02,9.570275e-01,0.038424,0.995270,-3.26381,-0.04392,Water,0.957028,3.845604e-04,2.649080e-03,4.197835e-05,3.655904e-05,1.578399e-05
15,15,-65,-25,3.561368e-02,9.596809e-01,0.035782,0.995295,-3.33503,-0.04115,Water,0.959681,3.671535e-04,2.738648e-03,3.923197e-05,3.781511e-05,1.422613e-05
15,16,-65,-15,4.039967e-02,9.547648e-01,0.040596,0.995164,-3.20893,-0.04629,Water,0.954765,4.292110e-04,2.650323e-03,4.358207e-05,3.727128e-05,1.562686e-05
15,17,-65,-5,3.900635e-02,9.559238e-01,0.039205,0.994930,-3.24403,-0.04508,Water,0.955924,4.025763e-04,2.821206e-03,4.044903e-05,3.926644e-05,1.438101e-05
15,18,-65,5,6.657318e-02,9.282350e-01,0.066921,0.994808,-2.70945,-0.07447,Water,0.928235,6.212876e-04,2.876429e-03,7.019003e-05,4.081798e-05,1.997118e-05
15,19,-65,15,8.790281e-02,9.065601e-01,0.088392,0.994463,-2.43152,-0.09810,Water,0.906560,8.776786e-04,2.940619e-03,9.696518e-05,3.901022e-05,2.892592e-05
15,20,-65,25,7.168932e-02,9.232684e-01,0.072053,0.994958,-2.63541,-0.07984,Water,0.923268,7.339029e-04,2.742077e-03,8.362108e-05,4.108999e-05,2.478219e-05
15,21,-65,35,1.016953e-01,8.931379e-01,0.102223,0.994833,-2.28577,-0.11301,Water,0.893138,9.096306e-04,2.488724e-03,1.191963e-04,3.886025e-05,3.551525e-05
15,22,-65,45,1.539633e-01,8.409265e-01,0.154754,0.994890,-1.87104,-0.17325,Water,0.840926,1.235860e-03,1.932007e-03,1.945922e-04,3.655680e-05,5.365069e-05
15,23,-65,55,1.035158e-01,8.913789e-01,0.104047,0.994895,-2.26803,-0.11499,Water,0.891379,9.440573e-04,2.584713e-03,1.217046e-04,3.836856e-05,3.523691e-05
15,24,-65,65,1.842200e-01,8.111860e-01,0.185070,0.995406,-1.69162,-0.20926,Water,0.811186,1.208203e-03,1.691483e-03,2.055226e-04,3.368355e-05,4.420941e-05
15,25,-65,75,6.803153e-02,9.261394e-01,0.068430,0.994171,-2.68778,-0.07673,Water,0.926139,7.403884e-04,3.699930e-03,6.604272e-05,4.072652e-05,2.291424e-05
15,26,-65,85,1.040333e-01,8.903694e-01,0.104619,0.994403,-2.26304,-0.11612,Water,0.890369,1.030893e-03,2.964485e-03,9.432872e-05,3.637327e-05,3.356095e-05
15,27,-65,95,6.767523e-02,9.265952e-01,0.068065,0.994270,-2.69303,-0.07624,Water,0.926595,7.044987e-04,3.470946e-03,5.387511e-05,3.955090e-05,2.181622e-05
15,28,-65,105,6.350221e-02,9.299067e-01,0.063924,0.993409,-2.75668,-0.07267,Water,0.929907,7.567492e-04,4.253888e-03,6.127707e-05,4.312898e-05,2.140301e-05
15,29,-65,115,6.303937e-02,9.313049e-01,0.063398,0.994344,-2.76400,-0.07117,Water,0.931305,6.380004e-04,3.441618e-03,6.222730e-05,4.075015e-05,2.105561e-05
15,30,-65,125,4.763031e-02,9.473507e-01,0.047871,0.994981,-3.04429,-0.05409,Water,0.947351,4.768189e-04,3.138026e-03,4.763723e-05,4.099965e-05,1.713245e-05
15,31,-65,135,5.107338e-02,9.430568e-01,0.051375,0.994130,-2.97449,-0.05863,Water,0.943057,5.641314e-04,3.508885e-03,5.409392e-05,4.170307e-05,2.035031e-05
15,32,-65,145,3.093752e-02,9.630496e-01,0.031125,0.993987,-3.47579,-0.03765,Water,0.963050,3.691091e-04,4.210379e-03,3.024941e-05,4.465107e-05,1.353367e-05
15,33,-65,155,4.506859e-02,9.492343e-01,0.045327,0.994303,-3.09957,-0.05210,Water,0.949234,4.779419e-04,3.552097e-03,4.286277e-05,4.218219e-05,1.667241e-05
15,34,-65,165,4.297025e-02,9.496332e-01,0.043290,0.992603,-3.14725,-0.05168,Water,0.949633,5.500483e-04,5.367628e-03,3.616535e-05,4.437177e-05,1.518467e-05
15,35,-65,175,2.980340e-02,9.651168e-01,0.029956,0.994920,-3.51313,-0.03551,Water,0.965117,2.869077e-04,3.409254e-03,2.438673e-05,4.092841e-05,1.134321e-05
16,0,-75,-175,1.358885e-02,9.795591e-01,0.013683,0.993148,-4.29851,-0.02065,Water,0.979559,2.006668e-04,5.406456e-03,9.465168e-06,3.908214e-05,5.325188e-06
16,1,-75,-165,1.570783e-02,9.772738e-01,0.015819,0.992982,-4.15360,-0.02299,Water,0.977274,2.198849e-04,5.398866e-03,1.170809e-05,4.053201e-05,6.532849e-06
16,2,-75,-155,1.497149e-02,9.777437e-01,0.015081,0.992715,-4.20161,-0.02251,Water,0.977744,2.168437e-04,5.666625e-03,1.080444e-05,3.866842e-05,5.657922e-06
16,3,-75,-145,1.363723e-02,9.799037e-01,0.013726,0.993541,-4.29495,-0.02030,Water,0.979904,1.796988e-04,4.826340e-03,1.060935e-05,3.842111e-05,5.590518e-06
16,4,-75,-135,1.048011e-02,9.835163e-01,0.010543,0.993996,-4.55828,-0.01662,Water,0.983516,1.385359e-04,4.394066e-03,7.671170e-06,3.838004e-05,4.622711e-06
16,5,-75,-125,8.333164e-03,9.859300e-01,0.008381,0.994263,-4.78751,-0.01417,Water,0.985930,1.147288e-04,4.229015e-03,6.023590e-06,3.685156e-05,3.898695e-06
16,6,-75,-115,1.338192e-02,9.807609e-01,0.013461,0.994143,-4.31385,-0.01943,Water,0.980761,1.801100e-04,4.238875e-03,9.922815e-06,3.582132e-05,5.230826e-06
16,7,-75,-105,9.825438e-03,9.844094e-01,0.009882,0.994235,-4.62278,-0.01571,Water,0.984409,1.290948e-04,4.270645e-03,6.752721e-06,3.700865e-05,4.208504e-06
16,8,-75,-95,1.372184e-02,9.793668e-01,0.013817,0.993089,-4.28877,-0.02085,Water,0.979367,2.013455e-04,5.279897e-03,9.796791e-06,3.793788e-05,5.602053e-06
16,9,-75,-85,1.188353e-02,9.819665e-01,0.011957,0.993850,-4.43260,-0.01820,Water,0.981967,1.619109e-04,4.628137e-03,8.076415e-06,3.627774e-05,5.004259e-06
16,10,-75,-75,8.979968e-03,9.850168e-01,0.009034,0.993997,-4.71276,-0.01510,Water,0.985017,1.371008e-04,4.375552e-03,7.289853e-06,3.758883e-05,3.764610e-06
16,11,-75,-65,8.035947e-03,9.861232e-01,0.008083,0.994159,-4.82383,-0.01397,Water,0.986123,1.091381e-04,4.373396e-03,5.832974e-06,3.751388e-05,3.670936e-06
16,12,-75,-55,1.060005e-02,9.833100e-01,0.010665,0.993910,-4.54690,-0.01683,Water,0.983310,1.363581e-04,4.459740e-03,7.551167e-06,3.711813e-05,4.620014e-06
16,13,-75,-45,1.128296e-02,9.830306e-01,0.011347,0.994314,-4.48446,-0.01712,Water,0.983031,1.409717e-04,3.953621e-03,8.205185e-06,3.681572e-05,4.425230e-06
16,14,-75,-35,7.267035e-03,9.869699e-01,0.007309,0.994237,-4.92441,-0.01312,Water,0.986970,9.572646e-05,4.369110e-03,5.024718e-06,3.754756e-05,3.161660e-06
16,15,-75,-25,7.761203e-03,9.865056e-01,0.007806,0.994267,-4.85862,-0.01359,Water,0.986506,1.050371e-04,4.150534e-03,5.480463e-06,3.755299e-05,3.373361e-06
16,16,-75,-15,9.078943e-03,9.851651e-01,0.009132,0.994244,-4.70180,-0.01495,Water,0.985165,1.201089e-04,4.234520e-03,6.292666e-06,3.624938e-05,3.676579e-06
16,17,-75,-5,8.102505e-03,9.859248e-01,0.008151,0.994027,-4.81558,-0.01418,Water,0.985925,1.048729e-04,4.298073e-03,5.507133e-06,3.744393e-05,3.371500e-06
16,18,-75,5,8.114246e-03,9.865742e-01,0.008158,0.994688,-4.81413,-0.01352,Water,0.986574,8.665085e-05,3.880891e-03,5.157760e-06,3.736259e-05,3.122560e-06
16,19,-75,15,8.756325e-03,9.856435e-01,0.008806,0.994400,-4.73798,-0.01446,Water,0.985643,1.088371e-04,4.131575e-03,5.749506e-06,3.760504e-05,3.440013e-06
16,20,-75,25,9.397731e-03,9.852693e-01,0.009448,0.994667,-4.66729,-0.01484,Water,0.985269,1.178444e-04,4.028099e-03,6.000233e-06,3.789032e-05,3.827447e-06
16,21,-75,35,9.972509e-03,9.845138e-01,0.010028,0.994486,-4.60792,-0.01561,Water,0.984514,1.212845e-04,4.169636e-03,6.583099e-06,3.685896e-05,4.089906e-06
16,22,-75,45,1.332750e-02,9.813529e-01,0.013399,0.994680,-4.31793,-0.01882,Water,0.981353,1.470183e-04,3.788735e-03,8.959283e-06,3.707932e-05,4.889933e-06
16,23,-75,55,1.237586e-02,9.813756e-01,0.012454,0.993751,-4.39201,-0.01880,Water,0.981376,1.653509e-04,4.836273e-03,8.556840e-06,3.764432e-05,4.872040e-06
16,24,-75,65,1.132548e-02,9.829946e-01,0.011390,0.994320,-4.48070,-0.01715,Water,0.982995,1.376008e-04,4.371711e-03,7.497698e-06,3.756404e-05,4.475880e-06
16,25,-75,75,1.272610e-02,9.816402e-01,0.012798,0.994366,-4.36410,-0.01853,Water,0.981640,1.531167e-04,4.263385e-03,8.589009e-06,3.861482e-05,4.678308e-06
16,26,-75,85,1.243541e-02,9.813114e-01,0.012514,0.993747,-4.38721,-0.01887,Water,0.981311,1.695525e-04,4.855486e-03,8.197985e-06,3.840628e-05,5.315999e-06
16,27,-75,95,1.505211e-02,9.784409e-01,0.015151,0.993493,-4.19624,-0.02179,Water,0.978441,1.977621e-04,4.951772e-03,9.820552e-06,3.966158e-05,6.065866e-06
16,28,-75,105,9.125400e-03,9.845038e-01,0.009184,0.993629,-4.69669,-0.01562,Water,0.984504,1.225531e-04,5.021582e-03,5.899050e-06,3.876926e-05,3.861416e-06
16,29,-75,115,1.122744e-02,9.826115e-01,0.011297,0.993839,-4.48939,-0.01754,Water,0.982612,1.403051e-04,4.632449e-03,7.721234e-06,3.770686e-05,4.644563e-06
16,30,-75,125,1.015819e-02,9.837065e-01,0.010221,0.993865,-4.58948,-0.01643,Water,0.983707,1.343218e-04,4.735200e-03,7.220981e-06,3.871128e-05,4.296739e-06
16,31,-75,135,8.118668e-03,9.858587e-01,0.008168,0.993977,-4.81359,-0.01424,Water,0.985859,1.047138e-04,4.529808e-03,5.738921e-06,3.877466e-05,3.652531e-06
16,32,-75,145,8.936008e-03,9.845343e-01,0.008995,0.993470,-4.71767,-0.01559,Water,0.984534,1.209500e-04,5.187869e-03,6.210122e-06,3.914877e-05,3.877477e-06
16,33,-75,155,8.223314e-03,9.845802e-01,0.008283,0.992804,-4.80078,-0.01554,Water,0.984580,1.208660e-04,5.761542e-03,5.190092e-06,3.874418e-05,3.465751e-06
16,34,-75,165,1.012153e-02,9.826010e-01,0.010196,0.992723,-4.59309,-0.01755,Water,0.982601,1.436652e-04,5.947790e-03,6.672007e-06,4.013074e-05,4.269160e-06
16,35,-75,175,9.374595e-03,9.841062e-01,0.009436,0.993481,-4.66975,-0.01602,Water,0.984106,1.195005e-04,5.285470e-03,5.533050e-06,3.983029e-05,4.000069e-06
17,0,-85,-175,1.977536e-03,9.930861e-01,0.001987,0.995064,-6.22590,-0.00694,Water,0.993086,2.243451e-05,4.029176e-03,1.382077e-06,4.535043e-05,1.048901e-06
17,1,-85,-165,2.487725e-03,9.929060e-01,0.002499,0.995394,-5.99639,-0.00712,Water,0.992906,2.663160e-05,3.722350e-03,1.789827e-06,4.330121e-05,1.244164e-06
17,2,-85,-155,2.072084e-03,9.930273e-01,0.002082,0.995099,-6.17920,-0.00700,Water,0.993027,2.244994e-05,3.917513e-03,1.393743e-06,4.353765e-05,1.083582e-06
17,3,-85,-145,2.169042e-03,9.935671e-01,0.002178,0.995736,-6.13347,-0.00645,Water,0.993567,2.228079e-05,3.323234e-03,1.520457e-06,4.430389e-05,1.073576e-06
17,4,-85,-135,1.532673e-03,9.944680e-01,0.001539,0.996001,-6.48074,-0.00555,Water,0.994468,1.527988e-05,3.036814e-03,1.078092e-06,4.418302e-05,8.583655e-07
17,5,-85,-125,1.501756e-03,9.945289e-01,0.001508,0.996031,-6.50112,-0.00549,Water,0.994529,1.489191e-05,3.009133e-03,1.065994e-06,4.413759e-05,8.458522e-07
17,6,-85,-115,1.595412e-03,9.947409e-01,0.001601,0.996336,-6.44062,-0.00527,Water,0.994741,1.542480e-05,2.658052e-03,1.136546e-06,4.242143e-05,8.773785e-07
17,7,-85,-105,1.367476e-03,9.940731e-01,0.001374,0.995441,-6.59479,-0.00594,Water,0.994073,1.546807e-05,3.546373e-03,9.746794e-07,4.311503e-05,8.497819e-07
17,8,-85,-95,1.339537e-03,9.938258e-01,0.001346,0.995165,-6.61543,-0.00619,Water,0.993826,1.522471e-05,3.915028e-03,9.034218e-07,4.360509e-05,7.935167e-07
17,9,-85,-85,1.502090e-03,9.941924e-01,0.001509,0.995695,-6.50090,-0.00582,Water,0.994192,1.765308e-05,3.373719e-03,1.108132e-06,4.240989e-05,8.131395e-07
17,10,-85,-75,1.022530e-03,9.949922e-01,0.001027,0.996015,-6.88548,-0.00502,Water,0.994992,1.021007e-05,3.036833e-03,6.910293e-07,4.325588e-05,6.180668e-07
17,11,-85,-65,1.133069e-03,9.946172e-01,0.001138,0.995750,-6.78282,-0.00540,Water,0.994617,1.196085e-05,3.356345e-03,7.957953e-07,4.412286e-05,6.956146e-07
17,12,-85,-55,1.563472e-03,9.941120e-01,0.001570,0.995676,-6.46085,-0.00591,Water,0.994112,1.669988e-05,3.414091e-03,1.071306e-06,4.280677e-05,8.411859e-07
17,13,-85,-45,1.359737e-03,9.949636e-01,0.001365,0.996323,-6.60046,-0.00505,Water,0.994964,1.279030e-05,2.657309e-03,9.766380e-07,4.277481e-05,7.445020e-07
17,14,-85,-35,8.916109e-04,9.949481e-01,0.000895,0.995840,-7.02248,-0.00506,Water,0.994948,9.367056e-06,3.264134e-03,5.782067e-07,4.185411e-05,5.429983e-07
17,15,-85,-25,9.340669e-04,9.952516e-01,0.000938,0.996186,-6.97596,-0.00476,Water,0.995252,9.802510e-06,2.985390e-03,6.079355e-07,4.157753e-05,5.390748e-07
17,16,-85,-15,1.039419e-03,9.952213e-01,0.001043,0.996261,-6.86909,-0.00479,Water,0.995221,1.066853e-05,2.844086e-03,6.955241e-07,4.289158e-05,6.032770e-07
17,17,-85,-5,1.022616e-03,9.951561e-01,0.001027,0.996179,-6.88539,-0.00486,Water,0.995156,9.429259e-06,2.836955e-03,6.821055e-07,4.340646e-05,5.770929e-07
17,18,-85,5,8.298822e-04,9.958450e-01,0.000833,0.996675,-7.09423,-0.00416,Water,0.995845,6.927507e-06,2.372417e-03,4.895710e-07,4.116260e-05,4.732647e-07
17,19,-85,15,1.013859e-03,9.956896e-01,0.001017,0.996703,-6.89399,-0.00432,Water,0.995690,8.879995e-06,2.443831e-03,6.148432e-07,4.155475e-05,5.661987e-07
17,20,-85,25,7.522083e-04,9.959379e-01,0.000755,0.996690,-7.19250,-0.00407,Water,0.995938,6.799978e-06,2.500996e-03,4.582172e-07,4.180810e-05,4.649282e-07
17,21,-85,35,1.028993e-03,9.953440e-01,0.001033,0.996373,-6.87917,-0.00467,Water,0.995344,9.703706e-06,2.842815e-03,6.304733e-07,4.146548e-05,6.341626e-07
17,22,-85,45,1.525543e-03,9.950871e-01,0.001531,0.996613,-6.48541,-0.00492,Water,0.995087,1.279406e-05,2.439336e-03,9.860380e-07,4.206863e-05,8.481708e-07
17,23,-85,55,1.438102e-03,9.946726e-01,0.001444,0.996111,-6.54443,-0.00534,Water,0.994673,1.461138e-05,3.076134e-03,9.325984e-07,4.172012e-05,8.302774e-07
17,24,-85,65,1.274267e-03,9.952978e-01,0.001279,0.996572,-6.66538,-0.00471,Water,0.995298,1.120927e-05,2.614815e-03,7.911938e-07,4.138372e-05,7.329471e-07
17,25,-85,75,1.219555e-03,9.949307e-01,0.001224,0.996150,-6.70927,-0.00508,Water,0.994931,1.209612e-05,2.959537e-03,7.567899e-07,4.147258e-05,7.064775e-07
17,26,-85,85,2.405921e-03,9.944924e-01,0.002413,0.996898,-6.02982,-0.00552,Water,0.994492,1.930415e-05,2.159733e-03,1.466412e-06,4.149319e-05,1.149795e-06
17,27,-85,95,1.359756e-03,9.944026e-01,0.001366,0.995762,-6.60045,-0.00561,Water,0.994403,1.362449e-05,3.280909e-03,7.706640e-07,4.181653e-05,8.110366e-07
17,28,-85,105,1.252250e-03,9.950400e-01,0.001257,0.996292,-6.68281,-0.00497,Water,0.995040,1.229783e-05,2.780825e-03,7.862583e-07,4.131894e-05,7.638058e-07
17,29,-85,115,1.481538e-03,9.948414e-01,0.001487,0.996323,-6.51467,-0.00517,Water,0.994841,1.441448e-05,2.720240e-03,9.700504e-07,4.147392e-05,8.600590e-07
17,30,-85,125,1.379830e-03,9.948346e-01,0.001385,0.996214,-6.58579,-0.00518,Water,0.994835,1.370538e-05,2.898446e-03,9.263092e-07,4.342278e-05,8.349247e-07
17,31,-85,135,1.348185e-03,9.950332e-01,0.001353,0.996381,-6.60900,-0.00498,Water,0.995033,1.273634e-05,2.610547e-03,8.790042e-07,4.197258e-05,7.977090e-07
17,32,-85,145,1.413212e-03,9.941991e-01,0.001419,0.995612,-6.56189,-0.00582,Water,0.994199,1.481245e-05,3.533582e-03,9.189779e-07,4.327387e-05,8.173504e-07
17,33,-85,155,1.107791e-03,9.947721e-01,0.001112,0.995880,-6.80539,-0.00524,Water,0.994772,1.085025e-05,3.204814e-03,6.785224e-07,4.217693e-05,6.577054e-07
17,34,-85,165,1.765389e-03,9.934469e-01,0.001774,0.995212,-6.33938,-0.00657,Water,0.993447,2.008804e-05,3.865869e-03,1.156098e-06,4.264985e-05,9.966446e-07
17,35,-85,175,1.686729e-03,9.938884e-01,0.001694,0.995575,-6.38496,-0.00613,Water,0.993888,1.669375e-05,3.516659e-03,1.058119e-06,4.398864e-05,9.434664e-07
